<configuration>

<appender name="log-trace"
    class="ch.qos.logback.core.rolling.RollingFileAppender">
    <file>${LOG_DIRECTORY}/trace_${WORKER_NAME}.log</file>
    <filter class="ch.qos.logback.classic.filter.LevelFilter">
      <level>TRACE</level>
      <onMatch>ACCEPT</onMatch>
      <onMismatch>DENY</onMismatch>
    </filter>
    
    <encoder>
      <pattern>%d{MM/dd/yy hh:mm:ss a}  %logger{0} %marker: %message%n</pattern>
    </encoder>

    <rollingPolicy class="ch.qos.logback.core.rolling.FixedWindowRollingPolicy">
      <fileNamePattern>${LOG_DIRECTORY}/trace_${WORKER_NAME}.log%i</fileNamePattern>
      <minIndex>1</minIndex>
      <maxIndex>1</maxIndex>
    </rollingPolicy>
    <triggeringPolicy class="net.grinder.util.logback.RollOnStartUp" />
  </appender>
  <appender name="log-info"
    class="ch.qos.logback.core.rolling.RollingFileAppender">
    <file>${LOG_DIRECTORY}/out_${WORKER_NAME}.log</file>
    <filter class="ch.qos.logback.classic.filter.ThresholdFilter">
      <level>INFO</level>
    </filter>
    
    <encoder>
      <pattern>%d{MM/dd/yy hh:mm:ss a}  %logger{0} %marker: %message%n</pattern>
    </encoder>

    <rollingPolicy class="ch.qos.logback.core.rolling.FixedWindowRollingPolicy">
      <fileNamePattern>${LOG_DIRECTORY}/out_${WORKER_NAME}.log%i</fileNamePattern>
      <minIndex>1</minIndex>
      <maxIndex>1</maxIndex>
    </rollingPolicy>
    <triggeringPolicy class="net.grinder.util.logback.RollOnStartUp" />
  </appender>
  <appender name="log-debug"
    class="ch.qos.logback.core.rolling.RollingFileAppender">
    <file>${LOG_DIRECTORY}/debug_${WORKER_NAME}.log</file>
    <filter class="ch.qos.logback.classic.filter.LevelFilter">
      <level>DEBUG</level>
      <onMatch>ACCEPT</onMatch>
      <onMismatch>DENY</onMismatch>
    </filter>
    <encoder>
      <pattern>%d{MM/dd/yy hh:mm:ss a}  %logger{0} %marker: %message%n</pattern>
    </encoder>

    <rollingPolicy class="ch.qos.logback.core.rolling.FixedWindowRollingPolicy">
      <fileNamePattern>${LOG_DIRECTORY}/debug_${WORKER_NAME}.log%i</fileNamePattern>
      <minIndex>1</minIndex>
      <maxIndex>1</maxIndex>
    </rollingPolicy>
    <triggeringPolicy class="net.grinder.util.logback.RollOnStartUp" />
  </appender>
  <appender name="log-error"
    class="ch.qos.logback.core.rolling.RollingFileAppender">
    <file>${LOG_DIRECTORY}/error_${WORKER_NAME}.log</file>
    <filter class="ch.qos.logback.classic.filter.LevelFilter">
      <level>ERROR</level>
      <onMatch>ACCEPT</onMatch>
      <onMismatch>DENY</onMismatch>
    </filter>
    <encoder>
      <pattern>%d{MM/dd/yy hh:mm:ss a}  %logger{0} %marker: %message%n</pattern>
    </encoder>

    <rollingPolicy class="ch.qos.logback.core.rolling.FixedWindowRollingPolicy">
      <fileNamePattern>${LOG_DIRECTORY}/error_${WORKER_NAME}.log%i</fileNamePattern>
      <minIndex>1</minIndex>
      <maxIndex>1</maxIndex>
    </rollingPolicy>
    <triggeringPolicy class="net.grinder.util.logback.RollOnStartUp" />
  </appender>
 <appender name="log-warn"
    class="ch.qos.logback.core.rolling.RollingFileAppender">
    <file>${LOG_DIRECTORY}/warn_${WORKER_NAME}.log</file>
    <filter class="ch.qos.logback.classic.filter.LevelFilter">
      <level>WARN</level>
      <onMatch>ACCEPT</onMatch>
      <onMismatch>DENY</onMismatch>
    </filter>
    <encoder>
      <pattern>%d{MM/dd/yyyy HH:mm:ss a}  %logger{0} %marker: %message%n</pattern>
    </encoder>

    <rollingPolicy class="ch.qos.logback.core.rolling.FixedWindowRollingPolicy">
      <fileNamePattern>${LOG_DIRECTORY}/warn_${WORKER_NAME}.log%i</fileNamePattern>
      <minIndex>1</minIndex>
      <maxIndex>1</maxIndex>
    </rollingPolicy>
    <triggeringPolicy class="net.grinder.util.logback.RollOnStartUp" />
  </appender>
  <appender name="data-file"
    class="ch.qos.logback.core.rolling.RollingFileAppender">
    <file>${LOG_DIRECTORY}/data_${WORKER_NAME}.log</file>

    <encoder class="net.grinder.util.logback.BufferedEchoMessageEncoder"/>

    <rollingPolicy class="ch.qos.logback.core.rolling.FixedWindowRollingPolicy">
      <fileNamePattern>${LOG_DIRECTORY}/data_${WORKER_NAME}.log%i</fileNamePattern>
      <minIndex>1</minIndex>
      <maxIndex>1</maxIndex>
    </rollingPolicy>

    <triggeringPolicy class="net.grinder.util.logback.RollOnStartUp" />

  </appender>

  <logger name="worker" additivity="false">
    <appender-ref ref="log-trace" />
    <appender-ref ref="log-info" />
    <appender-ref ref="log-error" />
    <appender-ref ref="log-debug" />
    <appender-ref ref="log-warn" />
  </logger>

  <logger name="data" additivity="false">
    <appender-ref ref="data-file" />
  </logger>


</configuration>
