<?xml version="1.0" ?>
<History xmlns="http://www.garmin.com/xmlschemas/ForerunnerLogbook" xmlns:xsi="http://www.w3.org/2001/XMLSchema-instance" xsi:schemaLocation="http://www.garmin.com/xmlschemas/ForerunnerLogbook http://www.garmin.com/xmlschemas/ForerunnerLogbookv1.xsd" version="1">
<Run>
<Track>
<Trackpoint>
<Position>
<Latitude>43.64986</Latitude>
<Longitude>-79.58321</Longitude>
<Altitude>142.893</Altitude>
</Position>
<Time>2004-08-28T13:45:00Z</Time>
</Trackpoint>
<Trackpoint>
<Position>
<Latitude>43.64987</Latitude>
<Longitude>-79.58320</Longitude>
<Altitude>150.374</Altitude>
</Position>
<Time>2004-08-28T14:15:00Z</Time>
</Trackpoint>
</Track>
</Run>
</History>
