(PDH-CSV 4.0) (India Standard Time)(-330),\\C503ANESPTWB03\TCPv4\Connection Failures,\\C503ANESPTWB03\TCPv4\Segments/sec,\\C503ANESPTWB03\TCPv4\Connections Established,\\C503ANESPTWB03\TCPv4\Connections Reset,\\C503ANESPTWB03\TCPv4\Connections Passive,\\C503ANESPTWB03\TCPv4\Connections Active,\\C503ANESPTWB03\TCPv4\Segments Retransmitted/sec,\\C503ANESPTWB03\TCPv4\Segments Sent/sec,\\C503ANESPTWB03\System\System Calls/sec,\\C503ANESPTWB03\System\Threads,\\C503ANESPTWB03\System\Processor Queue Length,\\C503ANESPTWB03\System\Context Switches/sec,\\C503ANESPTWB03\Processor(_Total)\% Interrupt Time,\\C503ANESPTWB03\Processor(_Total)\% User Time,\\C503ANESPTWB03\Processor(_Total)\% Processor Time,\\C503ANESPTWB03\Processor(_Total)\% Privileged Time,\\C503ANESPTWB03\PhysicalDisk(_Total)\Avg. Disk sec/Read,\\C503ANESPTWB03\PhysicalDisk(_Total)\Current Disk Queue Length,\\C503ANESPTWB03\PhysicalDisk(_Total)\Avg. Disk sec/Write,\\C503ANESPTWB03\PhysicalDisk(_Total)\Disk Bytes/sec,\\C503ANESPTWB03\PhysicalDisk(_Total)\Avg. Disk Queue Length,\\C503ANESPTWB03\PhysicalDisk(_Total)\Avg. Disk sec/Transfer,\\C503ANESPTWB03\Objects\Threads,\\C503ANESPTWB03\Objects\Processes,\\C503ANESPTWB03\Network Interface(Microsoft Hyper-V Network Adapter)\Bytes Received/sec,\\C503ANESPTWB03\Network Interface(Microsoft Hyper-V Network Adapter)\Bytes Sent/sec,\\C503ANESPTWB03\Network Interface(Microsoft Hyper-V Network Adapter)\Packets Received/sec,\\C503ANESPTWB03\Network Interface(Microsoft Hyper-V Network Adapter)\Packets Sent/sec,\\C503ANESPTWB03\Network Adapter(Microsoft Kernel Debug Network Adapter)\Bytes Received/sec,\\C503ANESPTWB03\Network Adapter(Amazon Elastic Network Adapter)\Bytes Received/sec,\\C503ANESPTWB03\Network Adapter(Reusable ISATAP Interface {6E2AA761-0D79-4E58-BF34-8FF4A5D579D4})\Bytes Received/sec,\\C503ANESPTWB03\Network Adapter(Reusable ISATAP Interface {36EF15C0-6AA0-4F99-952F-CB4281F5C327})\Bytes Received/sec,\\C503ANESPTWB03\Network Adapter(Intel[R] 82599 Virtual Function)\Bytes Received/sec,\\C503ANESPTWB03\Network Adapter(AWS PV Network Device _2)\Bytes Received/sec,\\C503ANESPTWB03\Network Adapter(Microsoft Kernel Debug Network Adapter)\Bytes Sent/sec,\\C503ANESPTWB03\Network Adapter(Amazon Elastic Network Adapter)\Bytes Sent/sec,\\C503ANESPTWB03\Network Adapter(Reusable ISATAP Interface {6E2AA761-0D79-4E58-BF34-8FF4A5D579D4})\Bytes Sent/sec,\\C503ANESPTWB03\Network Adapter(Reusable ISATAP Interface {36EF15C0-6AA0-4F99-952F-CB4281F5C327})\Bytes Sent/sec,\\C503ANESPTWB03\Network Adapter(Intel[R] 82599 Virtual Function)\Bytes Sent/sec,\\C503ANESPTWB03\Network Adapter(AWS PV Network Device _2)\Bytes Sent/sec,\\C503ANESPTWB03\Network Adapter(Microsoft Kernel Debug Network Adapter)\Packets Received/sec,\\C503ANESPTWB03\Network Adapter(Amazon Elastic Network Adapter)\Packets Received/sec,\\C503ANESPTWB03\Network Adapter(Reusable ISATAP Interface {6E2AA761-0D79-4E58-BF34-8FF4A5D579D4})\Packets Received/sec,\\C503ANESPTWB03\Network Adapter(Reusable ISATAP Interface {36EF15C0-6AA0-4F99-952F-CB4281F5C327})\Packets Received/sec,\\C503ANESPTWB03\Network Adapter(Intel[R] 82599 Virtual Function)\Packets Received/sec,\\C503ANESPTWB03\Network Adapter(AWS PV Network Device _2)\Packets Received/sec,\\C503ANESPTWB03\Network Adapter(Microsoft Kernel Debug Network Adapter)\Packets Sent/sec,\\C503ANESPTWB03\Network Adapter(Amazon Elastic Network Adapter)\Packets Sent/sec,\\C503ANESPTWB03\Network Adapter(Reusable ISATAP Interface {6E2AA761-0D79-4E58-BF34-8FF4A5D579D4})\Packets Sent/sec,\\C503ANESPTWB03\Network Adapter(Reusable ISATAP Interface {36EF15C0-6AA0-4F99-952F-CB4281F5C327})\Packets Sent/sec,\\C503ANESPTWB03\Network Adapter(Intel[R] 82599 Virtual Function)\Packets Sent/sec,\\C503ANESPTWB03\Network Adapter(AWS PV Network Device _2)\Packets Sent/sec,\\C503ANESPTWB03\Memory\Pages Output/sec,\\C503ANESPTWB03\Memory\Pages/sec,\\C503ANESPTWB03\Memory\Page Faults/sec,\\C503ANESPTWB03\Memory\Available MBytes,\\C503ANESPTWB03\Memory\Pages Input/sec
08/09/2019 17:13:12.047,48,127.8009506,43,15846,16244,5186,0,76.78041488,25340.13287,1256,0,1838.436644,0,3.315104474,4.408002367,1.09203425,0.000692648,0,0.002219364,824980.6966,0.007824746,0.002176955,1438,85, , , , ,0,20621.08276,0,0,0,0,0,72804.2078,0,0,0,0,0,51.22022475,0,0,0,0,0,77.07994836,0,0,0,0,0,1.297978405,10596.49601,29266,1.297978405
08/09/2019 17:13:22.031,48,352.5514365,43,15846,16244,5186,0,223.6498176,42956.99035,1272,0,1679.927626,0,1.310626647,1.859437214,0.547724883,0,0,0.000528514,44459.94116,0.002540782,0.000528514,1454,85, , , , ,0,66308.0144,0,0,0,0,0,242775.0319,0,0,0,0,0,129.0017756,0,0,0,0,0,223.7499742,0,0,0,0,0,0,4378.548623,29105,0
08/09/2019 17:13:32.047,48,554.4348353,42,15846,16244,5186,0,352.1504888,66128.80968,1273,0,2093.533158,0,1.911057995,2.477566201,0.565516764,0,0,0.000511345,10633.00778,0.000408448,0.000511345,1455,85, , , , ,0,105790.3201,0,0,0,0,0,387898.9054,0,0,0,0,0,202.3841907,0,0,0,0,0,352.250333,0,0,0,0,0,0,6484.181796,28855,0
08/09/2019 17:13:42.032,48,765.1972447,43,15846,16244,5187,0,483.0557999,90385.5192,1271,0,2711.54254,0.019561354,2.464761669,3.130934396,0.665094053,0,0,0.000533385,36511.52675,0.001175294,0.000533385,1454,85, , , , ,0,147581.2088,0,0,0,0,0,539769.9361,0,0,0,0,0,282.3417582,0,0,0,0,0,483.2561133,0,0,0,0,0,0,1871.528235,28808,0
08/09/2019 17:13:52.047,48,961.2005332,45,15846,16246,5187,0,604.956272,111965.4346,1273,0,3146.491493,0,3.373598272,3.998724567,0.624018039,0,0,0.000579475,33432.64528,0.000983562,0.000579475,1456,85, , , , ,0,186140.1226,0,0,0,0,0,682230.7244,0,0,0,0,0,356.3441054,0,0,0,0,0,605.0561163,0,0,0,0,0,0,317.0054735,28805,0
08/09/2019 17:14:02.033,48,1165.484335,46,15846,16247,5187,0,730.6559297,135279.6034,1270,0,3706.05592,0.019559043,3.71626527,4.335496104,0.762812698,0,0,0.000591884,27021.45087,0.000770555,0.000591884,1457,85, , , , ,0,228142.7074,0,0,0,0,0,834524.7389,0,0,0,0,0,435.028695,0,0,0,0,0,730.7560744,0,0,0,0,0,0,258.7739751,28802,0
08/09/2019 17:14:12.017,48,1367.139785,47,15846,16247,5188,0,856.2401484,159188.9554,1280,0,4312.049024,0.097808846,4.577419352,5.673872574,1.095450665,0,0,0.000598679,59946.62575,0.002038675,0.000598679,1467,85, , , , ,0,268171.4298,0,0,0,0,0,983801.3013,0,0,0,0,0,510.7994802,0,0,0,0,0,856.2401484,0,0,0,0,0,0.200313522,101.6591122,28801,0.200313522
08/09/2019 17:14:22.033,48,1563.964645,47,15846,16247,5188,0,976.1799244,184173.9104,1276,0,4789.142503,0.078002369,5.967180756,7.255182837,1.287039594,0,0,0.000622195,46621.80205,0.00105607,0.000622195,1464,85, , , , ,0,309106.1699,0,0,0,0,0,1130818.127,0,0,0,0,0,587.8845653,0,0,0,0,0,976.279769,0,0,0,0,0,0,156.0569931,28850,0
08/09/2019 17:14:32.018,48,1777.476492,48,15846,16248,5188,0.100156449,1112.337518,207333.764,1273,0,5293.468619,0,7.218224734,8.608273366,1.388871807,0,0,0.000555729,46357.2119,0.001669779,0.000555729,1463,85, , , , ,0,351866.0294,0,0,0,0,0,1287658.877,0,0,0,0,0,665.3392877,0,0,0,0,0,1112.637987,0,0,0,0,0,0,124.4944656,28850,0
08/09/2019 17:14:42.033,48,1974.623321,48,15846,16248,5188,0.099844431,1233.378262,230982.7037,1273,0,5852.680882,0.097502748,8.91177474,10.47274725,1.560047963,0,0,0.00062818,46621.7582,0.001128936,0.00062818,1463,85, , , , ,0,391747.3148,0,0,0,0,0,1433951.347,0,0,0,0,0,741.245059,0,0,0,0,0,1233.478106,0,0,0,0,0,0,13.17946495,28851,0
08/09/2019 17:14:52.018,48,2155.172561,49,15846,16249,5188,0,1343.402247,254164.3336,1273,0,6298.356096,0.058685105,11.05231405,12.93123797,1.877915351,0,0,0.000712642,58715.88261,0.001141993,0.000712616,1463,85, , , , ,0,428394.3807,0,0,0,0,0,1566953.976,0,0,0,0,0,811.8704702,0,0,0,0,0,1343.502404,0,0,0,0,0,0,138.2162903,28852,0
08/09/2019 17:15:02.019,48,2365.415048,49,15846,16249,5188,0,1475.222286,276242.1223,1271,0,6891.469813,0.039056841,12.36164803,14.11290768,1.738052403,0,0,0.000610641,55698.89019,0.001465346,0.000610658,1463,85, , , , ,0,471644.9829,0,0,0,0,0,1725653.218,0,0,0,0,0,890.2927501,0,0,0,0,0,1475.322274,0,0,0,0,0,0,10.69871117,28863,0
08/09/2019 17:15:12.035,48,2553.220861,49,15846,16249,5188,0,1587.925253,304512.6237,1274,0,7383.492987,0.058502075,16.04900104,19.18947838,3.139597719,0,0,0.00067591,68399.00165,0.001484647,0.00067591,1464,85, , , , ,0,508852.6642,0,0,0,0,0,1862589.994,0,0,0,0,0,965.2956079,0,0,0,0,0,1588.324631,0,0,0,0,0,0.199688789,332.3819899,28864,0.199688789
08/09/2019 17:15:22.019,48,2750.306796,41,15855,16249,5191,0.100156839,1710.879122,322227.4867,1269,0,8039.288988,0.117369314,16.02098003,18.99526611,2.973368652,0,0,0.000578777,74151.31599,0.002318752,0.000578777,1459,85, , , , ,0,550376.7531,0,0,0,0,0,2005087.332,0,0,0,0,0,1039.527831,0,0,0,0,0,1710.678808,0,0,0,0,0,0,155.6437277,28864,0
08/09/2019 17:15:32.035,48,2978.55981,43,15855,16250,5192,0,1849.818235,344359.3351,1270,0,8395.221389,0.097503764,15.26897144,18.17546961,2.905589604,0,0,0.000632801,77345.10686,0.00176906,0.000632801,1460,85, , , , ,0,596387.6094,0,0,0,0,0,2180066.653,0,0,0,0,0,1128.941263,0,0,0,0,0,1850.117769,0,0,0,0,0,0,18.97044663,28865,0
08/09/2019 17:15:42.019,48,3172.763136,43,15855,16250,5192,0.400626698,1968.579438,370987.8343,1269,0,9007.490369,0.078246383,16.43174039,20.13000447,3.697141338,0,0,0.000787362,63690.02997,0.00102517,0.000787362,1459,85, , , , ,0,635737.0801,0,0,0,0,0,2322325.802,0,0,0,0,0,1204.283855,0,0,0,0,0,1968.980065,0,0,0,0,0,0,162.9549095,28865,0
08/09/2019 17:15:52.035,48,3349.474703,43,15855,16250,5192,0,2081.053484,389608.6969,1269,0,9379.068328,0.019500335,16.86800639,20.18410768,3.315099873,0,0,0.000644451,74737.80643,0.001544242,0.000644451,1459,85, , , , ,0,671253.1219,0,0,0,0,0,2454605.031,0,0,0,0,0,1268.521063,0,0,0,0,0,2081.153329,0,0,0,0,0,0,33.14828752,28866,0
08/09/2019 17:16:02.021,48,3517.710963,46,15855,16253,5192,0,2185.813681,400345.6905,1274,2,9770.317771,0.097794171,18.48314547,22.09696336,3.598834722,0,0,0.000696762,88189.6257,0.001604817,0.000696762,1464,85, , , , ,0,705329.138,0,0,0,0,0,2576856.72,0,0,0,0,0,1331.997424,0,0,0,0,0,2185.913824,0,0,0,0,0,0,162.0308121,28867,0
08/09/2019 17:16:12.037,48,3735.188124,45,15856,16253,5192,0.099844644,2317.394182,407719.7963,1277,0,10073.02658,0.058502176,17.14106456,20.76889136,3.62711891,0,0,0.001499961,120184.1958,0.009884226,0.001499961,1467,85, , , , ,0,748022.9915,0,0,0,0,0,2735369.821,0,0,0,0,0,1417.793942,0,0,0,0,0,2317.494027,0,0,0,0,0,0.199689288,125.8042512,28867,0.199689288
08/09/2019 17:16:22.021,48,3981.935608,47,15856,16254,5193,0,2470.669003,442759.4498,1273,0,11263.53841,0.136931634,16.72518971,20.67760622,3.951449008,0,0,0.000819271,104509.2588,0.002461623,0.000819271,1463,85, , , , ,0,799106.1795,0,0,0,0,0,2915699.209,0,0,0,0,0,1511.466918,0,0,0,0,0,2470.869317,0,0,0,0,0,0,193.9036481,28867,0
08/09/2019 17:16:32.037,48,4182.16403,47,15856,16254,5193,0.099843962,2596.24254,467737.7101,1271,0,11671.95883,0.136502986,17.84298844,21.00333838,3.159085934,0,0,0.000737766,92834.11698,0.001473249,0.000737766,1461,85, , , , ,0,840404.499,0,0,0,0,0,3069324.598,0,0,0,0,0,1586.021334,0,0,0,0,0,2596.442228,0,0,0,0,0,0,69.39155349,28866,0
08/09/2019 17:16:42.021,48,4373.556938,50,15856,16256,5194,0.100157028,2714.455771,484751.4016,1269,0,12022.34885,0.215178305,19.11172336,22.86844788,3.755835141,0,0,0.000792096,100201.8983,0.001507302,0.000792096,1459,85, , , , ,0,880030.527,0,0,0,0,0,3213035.152,0,0,0,0,0,1659.101167,0,0,0,0,0,2714.555928,0,0,0,0,0,0,279.838736,28854,0
08/09/2019 17:16:52.037,48,4533.026836,50,15856,16256,5194,0.199688414,2815.307101,512240.2196,1270,0,12457.16231,0.097502661,19.40307955,23.38221273,3.978118772,0,0,0.000755932,91658.5794,0.001358533,0.000755932,1460,85, , , , ,0,912366.3778,0,0,0,0,0,3334636.758,0,0,0,0,0,1717.919423,0,0,0,0,0,2815.606633,0,0,0,0,0,0,62.20294087,28854,0
08/09/2019 17:17:02.023,48,4689.756799,49,15857,16256,5194,0,2908.891004,515988.4138,1276,0,13021.06018,0.156473463,22.31702739,26.67262371,4.342139096,0,0,0.000748716,95574.4996,0.00127467,0.00074874,1466,85, , , , ,0,944458.4348,0,0,0,0,0,3447144.296,0,0,0,0,0,1780.865794,0,0,0,0,0,2908.991148,0,0,0,0,0,0,231.8340164,28854,0
08/09/2019 17:17:12.039,48,4963.967425,56,15857,16264,5194,0.299533405,3090.685513,502819.1381,1278,0,13207.32641,0.195006822,24.37579081,28.90069431,4.524146683,0,0,0.0006547,122842.2436,0.002941512,0.0006547,1468,85, , , , ,0,1000729.223,0,0,0,0,0,3656169.336,0,0,0,0,0,1873.281912,0,0,0,0,0,3090.985046,0,0,0,0,0,0.199688936,195.0960908,28849,0.199688936
08/09/2019 17:17:22.023,48,5099.779228,56,15857,16264,5195,0.200313415,3175.167939,526240.4676,1276,0,13235.50857,0.136931499,21.43952114,25.56808609,4.127499301,0,0,0.000856983,120918.7922,0.001716644,0.000856962,1466,85, , , , ,0,1028175.506,0,0,0,0,0,3759910.54,0,0,0,0,0,1925.112073,0,0,0,0,0,3175.568565,0,0,0,0,0,0,255.4997606,28842,0
08/09/2019 17:17:32.039,48,5308.616417,57,15857,16265,5195,0,3308.83688,538985.8647,1277,0,13929.96364,0.33150936,23.22517349,27.88690911,4.660634352,0,0,0.000662466,111288.7447,0.002314967,0.000662466,1467,85, , , , ,0,1071142.985,0,0,0,0,0,3916734.415,0,0,0,0,0,1999.779537,0,0,0,0,0,3308.936724,0,0,0,0,0,0,132.3934129,28840,0
08/09/2019 17:17:42.023,48,5562.313856,63,15857,16270,5196,0.100156905,3460.521212,563873.057,1274,0,14560.20986,0.195615866,26.19303073,31.22128552,5.027341372,0,0,0.000809645,112303.934,0.001540723,0.000809645,1464,85, , , , ,0,1122022.948,0,0,0,0,0,4100013.033,0,0,0,0,0,2101.792644,0,0,0,0,0,3460.721526,0,0,0,0,0,0,245.8852009,28839,0
08/09/2019 17:17:52.039,48,5692.223897,65,15857,16272,5199,0,3537.58371,583912.8823,1272,0,14655.14767,0.11700404,27.63233706,32.70346398,5.070153451,0,0,0.00084594,137820.2915,0.00211152,0.00084594,1463,85, , , , ,0,1150830.566,0,0,0,0,0,4200603.039,0,0,0,0,0,2154.740031,0,0,0,0,0,3537.683554,0,0,0,0,0,0,125.0050748,28833,0
08/09/2019 17:18:02.025,48,5851.098133,65,15857,16272,5199,0,3641.226285,576300.2689,1273,0,14908.59844,0.156472756,25.5246181,30.70212786,5.163600954,0,0,0.000684581,121005.6805,0.002467973,0.000684581,1464,85, , , , ,0,1181522.249,0,0,0,0,0,4319545.382,0,0,0,0,0,2210.072136,0,0,0,0,0,3641.326428,0,0,0,0,0,0,227.0258522,28829,0
08/09/2019 17:18:12.040,48,5973.497775,66,15857,16274,5199,0.199689034,3694.54667,566358.8381,1277,0,15459.52566,0.058502092,23.36173525,29.31027397,5.947687065,0,0,0.000811404,136338.0876,0.002187364,0.000811404,1468,85, , , , ,0,1197865.325,0,0,0,0,0,4376007.365,0,0,0,0,0,2278.85126,0,0,0,0,0,3694.746359,0,0,0,0,0,0.199689034,237.5301064,28827,0.199689034
08/09/2019 17:18:22.025,48,5961.323068,66,15857,16274,5199,0,3695.279143,560206.4214,1274,0,15671.60924,0.058684045,20.65704838,25.64636205,4.988207955,0,0,0.000736292,147174.1695,0.002949766,0.000736292,1465,85, , , , ,0,1196665.797,0,0,0,0,0,4371211.651,0,0,0,0,0,2266.244238,0,0,0,0,0,3695.479456,0,0,0,0,0,0,255.6998957,28824,0
08/09/2019 17:18:32.041,48,6002.335166,67,15857,16274,5201,0.199688446,3720.794821,564637.3536,1274,0,15009.68192,0.097503736,18.09655439,22.09511413,3.997622218,0,0,0.000839503,113077.9759,0.001592587,0.000839525,1465,85, , , , ,0,1203824.395,0,0,0,0,0,4398990.701,0,0,0,0,0,2281.740033,0,0,0,0,0,3721.194198,0,0,0,0,0,0,150.0658675,28861,0
08/09/2019 17:18:42.025,48,6038.853224,66,15858,16274,5201,0.200313571,3740.355154,576215.0073,1274,0,15575.48187,0.078246431,17.3707076,21.92962358,4.557854334,0,0,0.000840818,118201.032,0.001599983,0.000840797,1465,85, , , , ,0,1210313.926,0,0,0,0,0,4418922.684,0,0,0,0,0,2298.49807,0,0,0,0,0,3740.555468,0,0,0,0,0,0,207.5248595,28862,0
08/09/2019 17:18:52.041,48,5980.263722,66,15858,16274,5201,0,3710.40738,573266.8264,1274,0,16146.09302,0.136503249,17.0825003,21.10068876,4.017118149,0,0,0.000829525,129231.8456,0.001987743,0.000829525,1465,85, , , , ,0,1196848.502,0,0,0,0,0,4372124.62,0,0,0,0,0,2269.956186,0,0,0,0,0,3710.507224,0,0,0,0,0,0,56.21224248,28864,0
08/09/2019 17:19:02.027,48,5975.699493,68,15858,16276,5201,0,3708.536871,595534.8206,1275,0,17353.87357,0.234709595,17.83792922,22.25244742,4.400804655,0,0,0.000846898,125620.778,0.001611417,0.000846898,1466,85, , , , ,0,1193511.255,0,0,0,0,0,4361096.154,0,0,0,0,0,2267.36291,0,0,0,0,0,3708.637015,0,0,0,0,0,0,177.2550838,28864,0
08/09/2019 17:19:12.042,48,5917.881232,67,15858,16276,5201,0.099844464,3687.056371,518935.5117,1276,0,14779.37696,0.09750388,25.2533112,29.87574813,4.621648164,0,0,0.000776512,137871.6261,0.002403376,0.000776499,1467,84, , , , ,0,1186742.714,0,0,0,0,0,4344070.486,0,0,0,0,0,2230.824862,0,0,0,0,0,3687.25606,0,0,0,0,0,0.199688928,273.4739872,28866,0.199688928
08/09/2019 17:19:22.027,48,6011.100423,67,15858,16276,5201,0.400626517,3751.867335,531951.389,1273,0,16090.46297,0.136930306,28.61859127,32.51254973,3.892754599,0,0,0.000775419,117123.9636,0.002096901,0.000775419,1464,84, , , , ,0,1202829.638,0,0,0,0,0,4403449.208,0,0,0,0,0,2259.333245,0,0,0,0,0,3752.368118,0,0,0,0,0,3.205012139,217.2397291,28868,3.205012139
08/09/2019 17:19:32.043,48,5987.171576,79,15858,16289,5202,0,3740.771621,528955.551,1271,0,16561.99528,0.117004144,30.22594117,34.69246565,4.465638874,0,0,0.000882823,138842.8733,0.001851041,0.000882843,1463,84, , , , ,0,1197161.94,0,0,0,0,0,4377691.656,0,0,0,0,0,2246.599644,0,0,0,0,0,3740.871466,0,0,0,0,0,3.195021937,81.97228157,28869,3.195021937
08/09/2019 17:19:42.027,48,5993.855041,79,15858,16289,5202,0,3742.64141,530894.4051,1267,0,14749.42048,0.215177715,36.6584158,41.66734505,5.007766445,0,0,0.000765772,115226.2419,0.001763986,0.000765772,1460,84, , , , ,0,1202637.843,0,0,0,0,0,4399744.298,0,0,0,0,0,2251.313787,0,0,0,0,0,3742.841722,0,0,0,0,0,3.205002278,178.7790333,28870,3.205002278
08/09/2019 17:19:52.043,48,5890.109295,79,15858,16289,5202,0,3681.455595,538279.6886,1268,4,14842.24073,0.273007346,36.7195555,42.41484536,5.694163639,0,0,0.00090928,111902.192,0.001452584,0.00090928,1461,84, , , , ,0,1180106.606,0,0,0,0,0,4320750.763,0,0,0,0,0,2208.753544,0,0,0,0,0,3681.455595,0,0,0,0,0,3.195014619,45.92833515,28871,3.195014619
08/09/2019 17:20:02.029,48,5979.780873,79,15858,16289,5202,0.300431113,3736.66204,542457.7166,1270,1,15402.10173,0.312945346,40.80024902,46.31031428,5.496102393,0,0,0.000797385,145924.5991,0.002395569,0.000797385,1463,84, , , , ,0,1197314.223,0,0,0,0,0,4386136.624,0,0,0,0,0,2243.319121,0,0,0,0,0,3737.062615,0,0,0,0,0,1.602299269,151.0167061,28872,1.602299269
08/09/2019 17:20:12.044,48,5945.94239,126,15858,16336,5202,1.198134549,3705.630472,525749.927,1269,0,14858.96515,0.35101148,48.32251222,56.86465056,8.541267704,0,0,0.000681803,138791.9062,0.002995184,0.000681803,1462,84, , , , ,0,1191620.591,0,0,0,0,0,4363954.885,0,0,0,0,0,2240.311918,0,0,0,0,0,3706.928451,0,0,0,0,0,0.199689092,174.8277997,28874,0.199689092
08/09/2019 17:20:22.029,48,5949.633055,131,15858,16341,5202,0,3707.015111,525306.3362,1267,0,14630.14999,0.234739861,47.12402682,56.90567363,9.780827536,0,0,0.00092807,116663.0066,0.001487232,0.00092807,1460,84, , , , ,0,1199540.392,0,0,0,0,0,4383671.867,0,0,0,0,0,2242.718101,0,0,0,0,0,3707.115268,0,0,0,0,0,0,212.0326108,28874,0
08/09/2019 17:20:32.029,48,5949.785378,135,15858,16344,5203,0.099999754,3704.290896,528716.4006,1267,0,17670.65657,0.156248045,48.51501808,58.32083441,9.804564345,0.000353082,0,0.000809342,135423.6672,0.002301451,0.000793609,1461,84, , , , ,0,1199396.252,0,0,0,0,0,4373461.352,0,0,0,0,0,2245.594481,0,0,0,0,0,3705.690893,0,0,0,0,0,0.099999754,90.99977635,28874,0.099999754
08/09/2019 17:20:42.045,48,5990.255729,137,15858,16346,5203,0,3728.38405,526064.8852,1264,1,15951.11766,0.292507783,48.2834083,59.7118244,11.4273338,0,0,0.001007083,124989.0281,0.001709361,0.001007083,1458,84, , , , ,0,1207731.046,0,0,0,0,0,4403717.689,0,0,0,0,0,2261.87168,0,0,0,0,0,3727.585296,0,0,0,0,0,0,171.7321131,28874,0
08/09/2019 17:20:52.029,48,5925.473798,140,15858,16349,5203,0,3686.87022,533144.8105,1266,0,15183.66354,0.312985933,50.50810437,62.53949595,12.03039703,0,0,0.000805751,120098.3627,0.001936817,0.000805751,1460,84, , , , ,0,1196384.028,0,0,0,0,0,4363767.915,0,0,0,0,0,2238.703734,0,0,0,0,0,3686.970377,0,0,0,0,0,0,84.53229921,28873,0
08/09/2019 17:21:02.035,48,5962.695092,139,15859,16349,5203,0.199885858,3712.779872,556316.6237,1265,18,16614.71242,0.156158914,46.43775732,58.03229234,11.53623903,0,0,0.00083898,131201.8791,0.001676982,0.00083898,1459,84, , , , ,0,1203162.552,0,0,0,0,0,4388810.035,0,0,0,0,0,2250.015162,0,0,0,0,0,3712.679929,0,0,0,0,0,0,152.8127386,28874,0
08/09/2019 17:21:12.051,48,5932.990746,134,15864,16349,5203,0.199690039,3692.867889,539043.4907,1270,0,15412.27689,0.156005377,27.08643339,31.31863213,4.231646609,0,0,0.000762959,128772.9172,0.001980564,0.000762959,1464,84, , , , ,0,1196916.233,0,0,0,0,0,4362234.391,0,0,0,0,0,2240.222701,0,0,0,0,0,3693.167424,0,0,0,0,0,0.199690039,152.3634997,28871,0.199690039
08/09/2019 17:21:22.035,48,5919.563336,136,15865,16352,5203,0,3682.562725,527393.2008,1267,0,14996.16702,0.136931612,26.56468472,30.83010059,4.264433343,0,0,0.000767879,124918.6813,0.002537981,0.000767879,1462,84, , , , ,0,1196269.704,0,0,0,0,0,4359727.598,0,0,0,0,0,2237.100768,0,0,0,0,0,3682.662881,0,0,0,0,0,0,241.8785079,28869,0
08/09/2019 17:21:32.051,48,5978.060795,135,15866,16352,5203,0.299532057,3715.894856,544973.517,1268,0,15845.04613,0.175504629,27.74927167,32.58662619,4.836134442,0,0,0.000779997,134343.722,0.002180516,0.000779982,1463,84, , , , ,0,1209240.468,0,0,0,0,0,4401195.847,0,0,0,0,0,2262.465471,0,0,0,0,0,3716.693608,0,0,0,0,0,0,36.14353489,28870,0
08/09/2019 17:21:42.035,48,5986.874554,122,15879,16352,5203,0,3724.331749,530152.5399,1268,0,15020.82037,0.097808916,26.1343416,30.49751844,4.362244394,0,0,0.000841456,113021.7753,0.001432725,0.00084148,1463,84, , , , ,0,1208923.394,0,0,0,0,0,4412335.06,0,0,0,0,0,2262.442648,0,0,0,0,0,3724.832533,0,0,0,0,0,0,168.3636324,28870,0
08/09/2019 17:21:52.051,48,5923.443694,120,15881,16352,5203,0,3685.940143,519943.9065,1268,0,14168.06019,0.136503118,26.5597519,31.35805546,4.797135397,0,0,0.000786585,135263.8291,0.002120442,0.000786585,1463,84, , , , ,0,1198346.197,0,0,0,0,0,4369485.696,0,0,0,0,0,2237.703239,0,0,0,0,0,3685.241235,0,0,0,0,0,0,37.14195989,28871,0
08/09/2019 17:22:02.037,48,5894.96641,118,15884,16353,5203,0.300431483,3668.969411,534225.46,1260,0,14511.54162,0.078236321,29.53421164,35.43547643,5.887283899,0,0,0.000871314,111520.1664,0.001396096,0.000871314,1455,84, , , , ,0,1189182.716,0,0,0,0,0,4347109.663,0,0,0,0,0,2226.197287,0,0,0,0,0,3669.47013,0,0,0,0,0,0,187.9699644,28870,0
08/09/2019 17:22:12.053,48,5984.552614,86,15923,16361,5203,0,3705.911667,554288.2467,1271,0,14921.29415,0.058501945,22.54265346,28.53042752,5.986672791,0,0,0.000676083,144618.917,0.002902603,0.000676092,1466,84, , , , ,0,1199088.92,0,0,0,0,0,4377133.572,0,0,0,0,0,2278.541104,0,0,0,0,0,3705.911667,0,0,0,0,0,0.199688103,163.2450245,28869,0.199688103
08/09/2019 17:22:22.037,48,5939.505247,86,15923,16361,5203,0,3676.960585,558187.5959,1262,0,15464.72813,0.117370278,18.17275365,22.06646767,3.892764541,0,0,0.000746778,131431.5098,0.002468193,0.000746766,1457,84, , , , ,0,1192646.484,0,0,0,0,0,4343234.517,0,0,0,0,0,2262.644818,0,0,0,0,0,3677.060742,0,0,0,0,0,0,194.7050386,28869,0
08/09/2019 17:22:32.053,48,6046.657346,89,15923,16364,5206,0.399376321,3747.248177,577910.8159,1263,11,17004.24562,0.175504629,16.49745812,20.78879846,4.290119263,0,0,0.001199695,117934.2301,0.002036273,0.001199695,1458,84, , , , ,0,1211274.036,0,0,0,0,0,4409196.457,0,0,0,0,0,2299.509013,0,0,0,0,0,3747.747397,0,0,0,0,0,0,74.58352797,28870,0
08/09/2019 17:22:42.037,48,5992.266798,91,15923,16366,5206,0,3723.320099,588446.8293,1263,9,19665.33983,0.215177851,15.59059597,19.50401568,3.912320004,0,0,0.000795176,135020.6572,0.002070643,0.00079516,1458,84, , , , ,0,1197710.699,0,0,0,0,0,4372532.214,0,0,0,0,0,2268.946699,0,0,0,0,0,3723.420256,0,0,0,0,0,0,159.148773,28870,0
08/09/2019 17:22:52.053,48,5964.026205,91,15924,16367,5206,0.199689492,3708.034172,587714.4302,1262,0,20110.22949,0.058501126,14.50846504,18.13637655,3.627116758,0,0,0.000945439,108119.8784,0.001227133,0.000945439,1457,84, , , , ,0,1187112.193,0,0,0,0,0,4341603.899,0,0,0,0,0,2256.191722,0,0,0,0,0,3708.233861,0,0,0,0,0,0,88.46244483,28871,0
08/09/2019 17:23:02.039,48,6039.483367,91,15924,16367,5206,0,3749.691181,568370.8846,1262,0,17409.53084,0.195592619,17.3294612,21.88050737,4.537737149,0,0,0.000771795,121313.6207,0.001700381,0.000771795,1457,84, , , , ,0,1203368.964,0,0,0,0,0,4398248.455,0,0,0,0,0,2289.892331,0,0,0,0,0,3749.891469,0,0,0,0,0,0,192.9774565,28871,0
08/09/2019 17:23:12.054,48,5879.742811,104,15924,16381,5206,0.099844501,3664.393026,512093.0595,1265,0,14655.87475,0.058501989,25.23375061,29.1153926,3.880614608,0,0,0.000705197,150089.4487,0.003098007,0.000705206,1460,84, , , , ,0,1178736.321,0,0,0,0,0,4310589.93,0,0,0,0,0,2215.44963,0,0,0,0,0,3664.492871,0,0,0,0,0,0.199689002,252.2072092,28869,0.199689002
08/09/2019 17:23:22.039,48,5979.362301,104,15924,16381,5206,0.100156822,3734.647596,527244.8437,1261,2,14739.37846,0.136930683,27.54278,31.69077575,4.147066306,0,0,0.000905043,110098.7893,0.001359672,0.000905043,1457,84, , , , ,0,1199288.609,0,0,0,0,0,4389463.487,0,0,0,0,0,2244.814862,0,0,0,0,0,3734.948067,0,0,0,0,0,0,185.4904352,28870,0
08/09/2019 17:23:32.055,48,5986.764364,104,15924,16381,5206,0.099844305,3742.364235,540306.4573,1268,0,15847.88713,0.253508108,33.38496908,38.12470416,4.738637801,0,0,0.000760202,127238.3871,0.001973425,0.000760202,1464,84, , , , ,0,1198315.572,0,0,0,0,0,4391255.567,0,0,0,0,0,2244.400129,0,0,0,0,0,3742.464079,0,0,0,0,0,0,39.1389675,28870,0
08/09/2019 17:23:42.039,48,5940.568466,104,15924,16381,5206,0.100156264,3705.881911,543821.5696,1268,1,15461.12242,0.136930598,34.21327553,39.65239831,5.438131243,0,0,0.000881212,131533.2179,0.00150039,0.000881188,1464,84, , , , ,0,1193023.754,0,0,0,0,0,4364197.114,0,0,0,0,0,2234.886867,0,0,0,0,0,3706.282537,0,0,0,0,0,0,155.6428337,28870,0
08/09/2019 17:23:52.055,48,5979.398138,104,15924,16381,5206,0.199689353,3728.499752,511926.5206,1266,2,14682.15967,0.17550588,39.50815461,45.788415,6.279183087,0,0,0.000817271,119928.6328,0.001631972,0.000817292,1462,84, , , , ,0,1200060.024,0,0,0,0,0,4388157.255,0,0,0,0,0,2251.19792,0,0,0,0,0,3729.09882,0,0,0,0,0,0,66.19702048,28870,0
08/09/2019 17:24:02.043,48,5929.417843,104,15924,16381,5206,0.100118497,3698.777739,531109.1014,1260,1,15405.9339,0.391083502,43.23428144,49.96086562,6.843961792,0,0,0.000754285,121692.8312,0.001736876,0.000754285,1456,84, , , , ,0,1189172.461,0,0,0,0,0,4353621.788,0,0,0,0,0,2230.539986,0,0,0,0,0,3698.577502,0,0,0,0,0,0,138.6641178,28871,0
08/09/2019 17:24:12.028,48,6019.528891,104,15924,16381,5206,0.100156884,3728.740638,532603.4613,1266,0,14594.0599,0.234739689,35.34788512,42.66483065,7.316053147,0,0,0.000905499,168250.7452,0.002811438,0.000905499,1462,84, , , , ,0,1208867.15,0,0,0,0,0,4419919.289,0,0,0,0,0,2290.788253,0,0,0,0,0,3728.940952,0,0,0,0,0,0.200313768,192.4013744,28870,0.200313768
08/09/2019 17:24:22.043,48,5933.135354,104,15924,16381,5206,0.099844093,3669.070712,562461.611,1259,0,14813.86801,0.136503271,32.64396076,40.2892422,7.644225099,0,0,0.000732503,117167.442,0.002194039,0.000732503,1455,84, , , , ,0,1191211.712,0,0,0,0,0,4349870.437,0,0,0,0,0,2264.164486,0,0,0,0,0,3669.669777,0,0,0,0,0,0,173.4291887,28870,0
08/09/2019 17:24:32.028,48,6006.011162,102,15926,16383,5206,0.200313883,3716.323319,577931.3937,1261,0,14995.79777,0.156493038,30.80956718,37.75489348,6.944378829,0,0,0.00080656,124508.6998,0.001615639,0.00080656,1457,84, , , , ,0,1205833.589,0,0,0,0,0,4406206.036,0,0,0,0,0,2289.787999,0,0,0,0,0,3716.223162,0,0,0,0,0,0,135.4121851,28872,0
08/09/2019 17:24:42.043,48,5947.15074,103,15926,16384,5206,0.099844717,3677.97985,555126.6436,1259,0,14899.62747,0.136505519,28.72460858,35.62801535,6.903265982,0,0,0.00083452,133884.577,0.002083042,0.00083452,1455,84, , , , ,0,1193557.03,0,0,0,0,0,4357230.751,0,0,0,0,0,2269.17089,0,0,0,0,0,3678.079695,0,0,0,0,0,0,30.6523282,28873,0
08/09/2019 17:24:52.028,48,5901.808476,102,15929,16386,5206,0.100156272,3651.697672,567726.2121,1256,0,16364.4331,0.176055005,28.30577297,35.30947425,7.003087325,0,0,0.000806758,133840.8292,0.001939228,0.000806758,1454,84, , , , ,0,1183533.444,0,0,0,0,0,4321465.899,0,0,0,0,0,2250.311116,0,0,0,0,0,3651.998141,0,0,0,0,0,0,203.0167631,28873,0
08/09/2019 17:25:02.029,48,6007.761259,104,15929,16389,5206,0.099987705,3713.943317,544070.6986,1256,0,14798.68029,0.195287402,26.441847,32.95800686,6.50305358,0,0,0.000787329,113342.8629,0.001574484,0.000787329,1454,84, , , , ,0,1203923.66,0,0,0,0,0,4392794.842,0,0,0,0,0,2293.91793,0,0,0,0,0,3714.143292,0,0,0,0,0,0,24.99692627,28873,0
08/09/2019 17:25:12.045,48,5882.919309,92,15940,16389,5206,0.099844186,3643.913428,572901.0494,1267,0,15642.28916,0.136505207,26.6769688,32.50804922,5.830711997,0,0,0.000773314,142881.0246,0.002393521,0.000773314,1465,84, , , , ,0,1179068.984,0,0,0,0,0,4308515.872,0,0,0,0,0,2239.005881,0,0,0,0,0,3644.013273,0,0,0,0,0,0.199688373,253.8039219,28874,0.199688373
08/09/2019 17:25:22.029,48,6001.29246,92,15941,16390,5206,0.100156753,3713.211446,576689.9618,1258,0,15494.04932,0.176054328,27.6601299,32.16030251,4.499172055,0,0,0.000721819,133277.3888,0.002674853,0.000721808,1456,84, , , , ,0,1204370.928,0,0,0,0,0,4396113.538,0,0,0,0,0,2288.381484,0,0,0,0,0,3713.912544,0,0,0,0,0,0,204.4199321,28874,0
08/09/2019 17:25:32.045,48,6005.245629,92,15942,16391,5206,0.099844472,3715.81188,568716.9097,1258,0,14979.16695,0.214506725,29.42638801,34.73152957,5.30416011,0,0,0.000860408,111186.8043,0.001374499,0.000860434,1456,84, , , , ,0,1204540.388,0,0,0,0,0,4395803.358,0,0,0,0,0,2289.433749,0,0,0,0,0,3715.612191,0,0,0,0,0,0,69.59159718,28875,0
08/09/2019 17:25:42.029,48,5921.563312,90,15944,16391,5206,0.100156679,3666.635849,560431.9036,1262,0,15299.33329,0.097807801,29.75320987,34.78159207,5.027334574,0,2,0.000861407,117636.8235,0.001639214,0.000861407,1460,84, , , , ,0,1186154.043,0,0,0,0,0,4332351.652,0,0,0,0,0,2255.02762,0,0,0,0,0,3666.836162,0,0,0,0,0,0,141.9220137,28876,0
08/09/2019 17:25:52.045,48,6030.685252,83,15950,16391,5206,0.099844129,3731.474643,576725.6502,1266,0,15490.21759,0.13650429,25.19474568,29.64191763,4.446131591,0,0,0.000954388,139098.0484,0.002286943,0.000954388,1464,84, , , , ,0,1210259.714,0,0,0,0,0,4418787.451,0,0,0,0,0,2299.510141,0,0,0,0,0,3731.774176,0,0,0,0,0,0,76.58044715,28876,0
08/09/2019 17:26:02.031,48,5936.265549,82,15951,16391,5206,0,3667.106012,552297.9096,1262,0,14647.89547,0.136906674,25.99285227,30.37279536,4.361478641,0,0,0.00078442,118026.7383,0.001649553,0.00078442,1461,84, , , , ,0,1189496.934,0,0,0,0,0,4340600.774,0,0,0,0,0,2269.159537,0,0,0,0,0,3667.206152,0,0,0,0,0,0,191.2663158,28877,0
08/09/2019 17:26:12.047,48,5921.167866,88,15952,16397,5207,0,3680.26183,544017.4818,1260,0,16125.05822,0.175506122,25.19477134,30.34386747,5.148157611,0,0,0.000697213,141296.4941,0.002854094,0.000697213,1459,84, , , , ,0,1189750.072,0,0,0,0,0,4347286.721,0,0,0,0,0,2240.906036,0,0,0,0,0,3680.26183,0,0,0,0,0,0.199688651,139.0831451,28876,0.199688651
08/09/2019 17:26:22.032,48,5897.90093,88,15952,16397,5207,0,3667.220992,545745.1814,1257,2,14904.05084,0.234738488,24.58885635,29.77406855,5.183809025,0,1,0.001018867,121687.4366,0.001224516,0.001018833,1456,84, , , , ,0,1193754.799,0,0,0,0,0,4345414.497,0,0,0,0,0,2230.880251,0,0,0,0,0,3667.321148,0,0,0,0,0,0,155.2421832,28877,0
08/09/2019 17:26:32.047,48,5943.45843,88,15952,16397,5207,0.09984475,3704.939136,535382.6258,1257,0,14770.03386,0.07800257,22.8352527,28.17913316,5.343175565,0,0,0.000851453,117423.816,0.001700261,0.000851474,1456,84, , , , ,0,1197024.629,0,0,0,0,0,4380102.914,0,0,0,0,0,2238.519294,0,0,0,0,0,3705.138826,0,0,0,0,0,0,39.33883148,28878,0
08/09/2019 17:26:42.032,48,5950.389883,92,15952,16401,5207,0.300469099,3707.388058,541068.3281,1257,0,15112.69428,0.156492592,23.33695748,29.28491088,5.946718484,0,0,0.000823957,125892.5463,0.001733006,0.000823957,1456,84, , , , ,0,1198837.753,0,0,0,0,0,4384032.55,0,0,0,0,0,2243.202138,0,0,0,0,0,3707.88884,0,0,0,0,0,0,187.4927179,28878,0
08/09/2019 17:26:52.048,48,5963.305342,90,15954,16401,5207,0,3717.805273,551563.7096,1257,0,15442.63047,0.078002351,24.21973062,30.18789546,5.967180385,0,0,0.000691165,129078.8123,0.002001233,0.000691165,1456,84, , , , ,0,1199730.749,0,0,0,0,0,4389111.147,0,0,0,0,0,2245.500069,0,0,0,0,0,3717.805273,0,0,0,0,0,0,33.04848924,28878,0
08/09/2019 17:27:02.033,48,5972.606296,90,15954,16401,5207,0.100144304,3725.468256,539705.1944,1248,0,14968.16855,0.117354509,27.73490024,33.75309649,6.004663937,0,0,0.000797013,129876.7474,0.001915554,0.000797013,1447,84, , , , ,0,1201803.252,0,0,0,0,0,4400398.905,0,0,0,0,0,2247.238184,0,0,0,0,0,3725.668545,0,0,0,0,0,0,153.0204966,28879,0
08/09/2019 17:27:12.049,48,5907.967878,90,15954,16402,5207,0.199687956,3652.392566,547803.9707,1250,0,14878.64979,0.117003849,32.70243596,37.79321863,5.089646456,0,0,0.000764007,135877.2705,0.002135888,0.000764022,1450,84, , , , ,0,1186803.235,0,0,0,0,0,4322788.767,0,0,0,0,0,2255.575311,0,0,0,0,0,3652.592254,0,0,0,0,0,0.199687956,131.8938952,28883,0.199687956
08/09/2019 17:27:22.033,48,6013.088015,90,15954,16402,5207,0,3706.787272,580546.3859,1247,6,15693.30138,0.215176737,35.13261534,42.11725644,6.983487319,0,0,0.000714332,130764.1573,0.002360892,0.00071432,1447,84, , , , ,0,1207610.698,0,0,0,0,0,4389328.999,0,0,0,0,0,2306.4009,0,0,0,0,0,3707.087741,0,0,0,0,0,0,147.1297082,28884,0
08/09/2019 17:27:32.049,48,5992.001358,91,15954,16403,5207,0,3692.569713,598717.3849,1247,0,15787.69998,0.292509768,36.77819733,42.804638,6.025695838,0,0,0.000875197,124836.6731,0.001572891,0.000875197,1447,84, , , , ,0,1203386.434,0,0,0,0,0,4371555.534,0,0,0,0,0,2299.531489,0,0,0,0,0,3692.469868,0,0,0,0,0,0,25.56033439,28885,0
08/09/2019 17:27:42.034,48,6032.729553,90,15955,16403,5207,0.300469654,3719.513845,606198.8286,1249,0,15471.28263,0.136931445,40.47294857,47.28149081,6.807436534,0,0,0.000813667,119226.3586,0.001629869,0.000813667,1449,84, , , , ,0,1210170.576,0,0,0,0,0,4404288.392,0,0,0,0,0,2313.416021,0,0,0,0,0,3720.014628,0,0,0,0,0,0,143.1237118,28886,0
08/09/2019 17:27:52.049,48,6004.857987,91,15955,16404,5207,0.099680583,3699.74451,619374.671,1248,0,16259.1989,0.233642212,42.13347882,49.92268599,7.788073719,0,0,0.000832939,124120.6668,0.001660681,0.000832939,1448,84, , , , ,0,1202899.619,0,0,0,0,0,4373737.163,0,0,0,0,0,2305.312838,0,0,0,0,0,3700.043552,0,0,0,0,0,0,30.103536,28887,0
08/09/2019 17:28:02.035,48,6051.582062,91,15955,16404,5207,0,3732.723428,595792.0917,1249,2,15586.21678,0.097949271,39.35611755,46.32366214,6.954416287,0,0,0.000863907,121411.6143,0.001646329,0.000863886,1449,84, , , , ,0,1216032.76,0,0,0,0,0,4422906.718,0,0,0,0,0,2318.858634,0,0,0,0,0,3732.723428,0,0,0,0,0,0,183.7673148,28888,0
08/09/2019 17:28:12.051,48,5909.204672,148,15955,16462,5207,0.199689263,3669.190364,585356.8248,1266,0,15859.12158,0.156005058,37.67522151,45.49573261,7.819753284,0,0,0.000759252,143597.3478,0.002880667,0.000759263,1462,85, , , , ,0,1190128.638,0,0,0,0,0,4341964.958,0,0,0,0,0,2240.014308,0,0,0,0,0,3669.390053,0,0,0,0,0,0.199689263,2259.88339,28870,0.199689263
08/09/2019 17:28:22.035,48,5859.359284,147,15956,16462,5207,0.200313127,3652.609718,528832.4649,1264,0,14791.22147,0.156492656,32.72652743,39.63295747,6.905238193,0,0,0.000732471,136712.9081,0.002640985,0.000732471,1460,85, , , , ,0,1188095.918,0,0,0,0,0,4331145.598,0,0,0,0,0,2206.949879,0,0,0,0,0,3653.310814,0,0,0,0,0,0,203.9187635,28870,0
08/09/2019 17:28:32.051,48,5906.788592,147,15956,16462,5207,0.099844297,3686.051745,546736.9849,1261,0,16606.60265,0.175505078,36.40760442,44.28680905,7.878239148,0,0,0.000769763,138280.3571,0.002305655,0.000769763,1457,85, , , , ,0,1195948.165,0,0,0,0,0,4364624.837,0,0,0,0,0,2220.836691,0,0,0,0,0,3685.852057,0,0,0,0,0,0,40.43694016,28871,0
08/09/2019 17:28:42.035,48,5939.294699,147,15956,16462,5207,0.200313481,3702.193748,522888.5945,1261,0,14558.78377,0.156492938,32.0810523,39.18293219,7.100867315,0,0,0.00076522,114765.2018,0.001762777,0.00076522,1457,85, , , , ,0,1203983.674,0,0,0,0,0,4389427.534,0,0,0,0,0,2237.100951,0,0,0,0,0,3702.494218,0,0,0,0,0,0,151.3368346,28871,0
08/09/2019 17:28:52.051,48,5903.281246,147,15956,16462,5207,0.09984408,3683.647498,543616.471,1258,0,15294.71528,0.156004477,29.81635642,36.95469097,7.137205324,0,0,0.000722239,135263.9674,0.002091169,0.000722239,1455,85, , , , ,0,1196443.396,0,0,0,0,0,4370709.959,0,0,0,0,0,2219.733593,0,0,0,0,0,3683.847186,0,0,0,0,0,0,31.95010569,28872,0
08/09/2019 17:29:02.037,48,5935.040739,147,15956,16462,5207,0,3704.631099,549417.3315,1259,0,17590.81382,0.156473002,30.0623753,37.00005674,6.923929846,0,0,0.000836674,128338.2835,0.001759528,0.000836674,1456,85, , , , ,0,1202607.696,0,0,0,0,0,4390066.866,0,0,0,0,0,2230.509785,0,0,0,0,0,3704.731243,0,0,0,0,0,0,176.3537795,28872,0
08/09/2019 17:29:12.053,48,5804.158625,147,15958,16463,5208,0,3621.358861,491556.4824,1260,0,16307.49715,0.039001743,24.33677617,30.10977099,5.772184092,0,0,0.000886979,146868.8164,0.004516496,0.000886979,1457,85, , , , ,0,1174897.414,0,0,0,0,0,4287461.646,0,0,0,0,0,2182.999453,0,0,0,0,0,3621.458706,0,0,0,0,0,0.199688936,427.7337017,28868,0.199688936
08/09/2019 17:29:22.037,48,5963.224821,147,15958,16463,5208,0,3723.121924,525409.7944,1258,0,15400.18159,0.11736901,25.17576031,30.83023499,5.653297852,0,0,0.000750422,117995.7124,0.001578358,0.000750422,1455,85, , , , ,0,1208309.659,0,0,0,0,0,4407887.307,0,0,0,0,0,2240.203053,0,0,0,0,0,3723.222081,0,0,0,0,0,0,204.6199686,28869,0
08/09/2019 17:29:32.053,48,5906.982483,146,15959,16465,5208,0,3688.544232,519891.7379,1259,0,15086.65811,0.136504376,22.34767497,27.65281376,5.304160322,0,0,0.00085839,132196.9141,0.001885505,0.000858409,1456,85, , , , ,0,1195005.86,0,0,0,0,0,4367720.216,0,0,0,0,0,2218.637939,0,0,0,0,0,3688.743921,0,0,0,0,0,0,151.763182,28869,0
08/09/2019 17:29:42.037,48,5910.159514,145,15960,16465,5208,0.300470751,3691.483489,506625.7363,1257,0,14245.61877,0.1564929,21.71339044,25.48981802,3.775391975,0,0,0.00099156,111021.9393,0.00119172,0.00099156,1454,85, , , , ,0,1193866.344,0,0,0,0,0,4368625.675,0,0,0,0,0,2218.676025,0,0,0,0,0,3691.884117,0,0,0,0,0,0,29.04550592,28870,0
08/09/2019 17:29:52.053,48,5955.592724,143,15962,16465,5208,0.199687932,3721.284455,530457.3124,1257,0,15012.0395,0.156004561,22.09414572,26.59985398,4.504630954,0,0,0.00081765,119160.9777,0.001877606,0.000817632,1454,85, , , , ,0,1202440.851,0,0,0,0,0,4398254.3,0,0,0,0,0,2234.507958,0,0,0,0,0,3721.583987,0,0,0,0,0,0,185.1107129,28870,0
08/09/2019 17:30:02.039,48,5894.047658,143,15962,16465,5208,0,3679.636277,516160.2452,1263,0,14985.63244,0.215153035,23.56900935,28.06073203,4.479090542,0,0,0.000865149,133979.9001,0.001906108,0.000865167,1460,85, , , , ,0,1191639.237,0,0,0,0,0,4356399.832,0,0,0,0,0,2214.411381,0,0,0,0,0,3679.736422,0,0,0,0,0,0,23.03340347,28871,0
08/09/2019 17:30:12.054,48,5925.838738,166,15970,16496,5208,0.299531873,3665.671066,533273.5676,1274,2,15626.77752,0.097502473,27.69077311,32.89862682,5.206644617,0,0,0.000790617,136183.9634,0.00221024,0.000790603,1471,85, , , , ,0,1190080.969,0,0,0,0,0,4332289.933,0,0,0,0,0,2260.267516,0,0,0,0,0,3665.970598,0,0,0,0,0,0.199687916,1985.596788,28869,0.199687916
08/09/2019 17:30:22.039,48,6044.781569,166,15970,16496,5208,0.100157102,3724.141519,589456.695,1266,0,16880.87858,0.117370471,27.62106637,32.9817464,5.359895816,0,0,0.000740955,119021.8923,0.002300486,0.000740942,1463,85, , , , ,0,1209041.748,0,0,0,0,0,4401963.52,0,0,0,0,0,2320.64005,0,0,0,0,0,3724.341833,0,0,0,0,0,0,186.6928379,28869,0
08/09/2019 17:30:32.055,48,6014.097107,166,15970,16496,5209,0.099843897,3708.80138,594272.7692,1263,0,16334.66116,0.156004164,31.55184266,37.07182111,5.51864755,0,0,0.000830379,132861.075,0.001989774,0.000830396,1460,85, , , , ,0,1202536.064,0,0,0,0,0,4378508.51,0,0,0,0,0,2306.593698,0,0,0,0,0,3710.299039,0,0,0,0,0,0,32.74879806,28870,0
08/09/2019 17:30:42.039,48,6029.53147,166,15970,16496,5211,0.300469999,3712.707464,584542.9495,1262,13,15798.51223,0.039122699,30.94645042,36.48348513,5.535931998,0,0,0.000749494,131174.7853,0.002402127,0.000749494,1459,85, , , , ,0,1209679.696,0,0,0,0,0,4389117.613,0,0,0,0,0,2316.824005,0,0,0,0,0,3713.108091,0,0,0,0,0,0,182.9862294,28870,0
08/09/2019 17:30:52.055,48,6048.988146,166,15970,16497,5211,0.199689296,3729.996355,601557.9128,1260,0,16523.69015,0.156005019,34.22360131,39.52855473,5.304170649,0,0,0.000854147,111493.7226,0.001535049,0.000854147,1457,85, , , , ,0,1211570.87,0,0,0,0,0,4406881.363,0,0,0,0,0,2319.091636,0,0,0,0,0,3730.395733,0,0,0,0,0,0,31.95028732,28870,0
08/09/2019 17:31:02.041,48,5976.097864,166,15970,16498,5211,0.200288156,3689.107551,566278.3095,1259,0,14908.34877,0.234709569,35.93012295,42.00717655,6.063331036,0,0,0.000813296,134029.6296,0.001791804,0.000813296,1456,85, , , , ,0,1195966.247,0,0,0,0,0,4359757.921,0,0,0,0,0,2287.090457,0,0,0,0,0,3690.008848,0,0,0,0,0,0,170.9459414,28871,0
08/09/2019 17:31:12.056,48,5935.34042,131,16006,16499,5211,1.497663532,3686.648549,529180.9377,1266,0,15601.26085,0.136504419,36.11510314,42.90225594,6.786207286,0,0,0.000772055,145385.9869,0.002775058,0.000772055,1463,85, , , , ,0,1196954.361,0,0,0,0,0,4361738.658,0,0,0,0,0,2248.791715,0,0,0,0,0,3687.746836,0,0,0,0,0,0.199688471,193.0987513,28870,0.199688471
08/09/2019 17:31:22.041,48,5919.751992,130,16007,16499,5211,0.100156535,3699.582084,539915.4349,1258,6,17243.9506,0.195615472,37.16703482,43.83865497,6.67050442,0,0,0.000865025,120457.0626,0.001559469,0.000865047,1455,85, , , , ,0,1196316.726,0,0,0,0,0,4366596.763,0,0,0,0,0,2220.370221,0,0,0,0,0,3699.481927,0,0,0,0,0,0,177.4773797,28871,0
08/09/2019 17:31:32.057,48,5956.520065,130,16007,16499,5211,0,3727.892147,555763.5506,1258,1,17204.59617,0.117003943,39.17665299,47.54345534,8.365746012,0,0,0.000762877,131481.5589,0.002513506,0.000762865,1456,85, , , , ,0,1199724.594,0,0,0,0,0,4393613.888,0,0,0,0,0,2228.827608,0,0,0,0,0,3727.991991,0,0,0,0,0,0,22.66468964,28871,0
08/09/2019 17:31:42.041,48,5909.040576,130,16007,16499,5211,0.20031325,3690.1707,545008.3858,1258,2,17225.23688,0.234739586,41.05986613,49.96134546,8.900542878,0,0,0.000821693,138661.6395,0.001810552,0.000821693,1456,85, , , , ,0,1193407.454,0,0,0,0,0,4354684.269,0,0,0,0,0,2219.070189,0,0,0,0,0,3690.571327,0,0,0,0,0,0,183.0863109,28872,0
08/09/2019 17:31:52.057,48,5979.370016,130,16007,16499,5211,0.099844207,3739.864456,564330.7396,1265,0,17209.64672,0.234006716,43.9542619,53.0231511,9.067759978,0,0,0.000891854,111186.5088,0.001335698,0.000891854,1463,85, , , , ,0,1204241.347,0,0,0,0,0,4405818.227,0,0,0,0,0,2239.405716,0,0,0,0,0,3739.9643,0,0,0,0,0,0,28.65528737,28872,0
08/09/2019 17:32:02.043,48,5938.538475,130,16007,16499,5211,0,3712.137339,548156.5436,1262,6,17548.53141,0.195591022,44.59486725,53.03847557,8.429994894,0,0,0.000719704,128799.589,0.002738737,0.000719704,1460,85, , , , ,0,1199056.512,0,0,0,0,0,4380337.482,0,0,0,0,0,2227.002,0,0,0,0,0,3713.539355,0,0,0,0,0,0,145.0084943,28872,0
08/09/2019 17:32:12.058,48,6027.024788,210,16031,16604,5211,0.399378755,3722.709218,478350.1125,1263,0,14544.3758,0.214508228,39.31346224,48.05006775,8.736324943,0,0,0.00069688,149374.0443,0.003131089,0.00069688,1461,85, , , , ,0,1202838.45,0,0,0,0,0,4389527.063,0,0,0,0,0,2304.51526,0,0,0,0,0,3723.507975,0,0,0,0,0,0.199689377,463.6787343,28868,0.199689377
08/09/2019 17:32:22.042,48,6021.494974,209,16032,16604,5211,0,3711.090189,594853.7142,1255,8,19274.07217,0.293429978,44.71869006,53.36423521,8.646396489,0,0,0.000821351,118764.5011,0.001563005,0.000821351,1453,85, , , , ,0,1203718.189,0,0,0,0,0,4382463.292,0,0,0,0,0,2310.705254,0,0,0,0,0,3711.490814,0,0,0,0,0,0,228.9572281,28868,0
08/09/2019 17:32:32.058,48,6010.345072,207,16034,16604,5211,0.099844595,3704.034777,589672.7914,1256,0,18028.23957,0.253511898,44.93015293,54.09480085,9.165438684,0,0,0.000775817,120439.739,0.001704191,0.000775836,1454,85, , , , ,0,1201752.906,0,0,0,0,0,4377220.183,0,0,0,0,0,2306.410139,0,0,0,0,0,3704.134622,0,0,0,0,0,0,87.8632434,28869,0
08/09/2019 17:32:42.042,48,6036.947273,207,16034,16604,5211,0.100156736,3716.215539,566253.8357,1257,0,15392.98863,0.273868516,45.03172697,53.93148722,8.900710739,0,0,0.000933037,123636.6802,0.0014952,0.000933011,1455,85, , , , ,0,1206582.091,0,0,0,0,0,4397244.588,0,0,0,0,0,2320.731734,0,0,0,0,0,3716.315696,0,0,0,0,0,0,192.9018739,28869,0
08/09/2019 17:32:52.042,48,6037.702968,204,16037,16604,5211,0.200000098,3710.101824,549894.9703,1257,1,15413.80758,0.195313201,42.79323118,50.07781798,7.285200804,0,0,0.000868072,134604.8662,0.001909742,0.000868072,1455,85, , , , ,0,1206450.693,0,0,0,0,0,4386554.656,0,0,0,0,0,2327.701144,0,0,0,0,0,3710.401824,0,0,0,0,0,0,107.5000528,28868,0
08/09/2019 17:33:02.043,48,5991.749484,204,16037,16604,5211,0.099987476,3682.038794,571698.0901,1258,0,16070.48704,0.449165329,42.74879895,51.64640277,8.885657253,0,0,0.000803794,118513.1552,0.001848529,0.000803812,1456,85, , , , ,0,1200540.122,0,0,0,0,0,4358035.32,0,0,0,0,0,2309.810677,0,0,0,0,0,3682.238769,0,0,0,0,0,0,145.7817396,28869,0
08/09/2019 17:33:12.059,48,5926.758906,170,16073,16607,5211,0.399377285,3642.320837,549428.0233,1268,0,15591.6892,0.175508383,40.46448951,48.43946398,7.975892047,0,0,0.000811194,148708.9307,0.002348822,0.000811194,1466,85, , , , ,0,1185901.524,0,0,0,0,0,4310930.031,0,0,0,0,0,2284.438069,0,0,0,0,0,3642.720214,0,0,0,0,0,0.199688642,227.1458307,28868,0.199688642
08/09/2019 17:33:22.043,48,6022.141864,162,16081,16607,5211,0.200314064,3710.116937,555504.0516,1257,0,17232.41799,0.234744119,37.34387763,46.16534878,8.822466711,0,0,0.000680996,135585.3786,0.002591835,0.000680985,1455,85, , , , ,0,1206738.194,0,0,0,0,0,4392867.393,0,0,0,0,0,2312.225241,0,0,0,0,0,3710.517565,0,0,0,0,0,0,197.3093531,28868,0
08/09/2019 17:33:32.059,48,6038.074459,166,16081,16608,5214,0.299532425,3715.400194,579529.5441,1257,0,23805.03991,0.273013044,34.71159501,42.92087694,8.209876998,0,0,0.000845191,116911.8985,0.001434587,0.000845191,1455,85, , , , ,0,1206905.299,0,0,0,0,0,4386909.257,0,0,0,0,0,2322.973797,0,0,0,0,0,3715.899415,0,0,0,0,0,0,180.4183637,28866,0
08/09/2019 17:33:42.043,48,6223.916664,165,16083,16608,5215,0,3758.968432,612838.1516,1258,0,24381.76436,0.195617594,36.8153249,44.62051717,7.805162224,0,0,0.00121271,349473.5917,0.00461553,0.001212721,1456,85, , , , ,0,1429306.607,0,0,0,0,0,4380798.021,0,0,0,0,0,2465.248701,0,0,0,0,0,3759.369058,0,0,0,0,0,0.100156362,477.0447535,28868,0.100156362
08/09/2019 17:33:52.059,48,6025.525393,160,16089,16609,5215,0,3715.119958,606619.412,1257,0,24637.06926,0.292513618,34.75058863,43.27190773,8.521889208,0,0,0.000738037,133219.9343,0.002726465,0.000738026,1455,85, , , , ,0,1205125.147,0,0,0,0,0,4384847.286,0,0,0,0,0,2310.50528,0,0,0,0,0,3715.219803,0,0,0,0,0,0,133.6919999,28867,0
08/09/2019 17:34:02.044,48,6016.405142,160,16090,16609,5216,0.200289799,3705.261145,605569.9997,1263,0,25405.85976,0.176035669,30.25861784,37.35077199,7.08055637,0,0,0.000859334,118545.9242,0.001462997,0.000859334,1461,85, , , , ,0,1205761.818,0,0,0,0,0,4373680.882,0,0,0,0,0,2311.244141,0,0,0,0,0,3705.56158,0,0,0,0,0,0,165.2390846,28867,0
08/09/2019 17:34:12.060,48,5872.647847,112,16139,16610,5216,0,3621.95541,570509.3969,1274,0,22557.54548,0.097503943,23.38150554,28.47092459,5.089718584,0,0,0.000751444,164760.8306,0.003601304,0.000751444,1473,85, , , , ,0,1175801.587,0,0,0,0,0,4277095.116,0,0,0,0,0,2250.892126,0,0,0,0,0,3622.155099,0,0,0,0,0,0.199688798,267.3832999,28865,0.199688798
08/09/2019 17:34:22.044,48,6088.398861,109,16142,16610,5216,0,3745.143013,563437.5514,1264,0,19062.84104,0.136933114,22.3787423,27.99287578,5.614247662,0,0,0.000871101,111277.6106,0.001308696,0.000871101,1463,85, , , , ,0,1217426.978,0,0,0,0,0,4433157.124,0,0,0,0,0,2343.356005,0,0,0,0,0,3745.643794,0,0,0,0,0,0,205.3203321,28866,0
08/09/2019 17:34:32.060,48,5995.945626,109,16142,16612,5216,0.499221157,3689.244349,528639.361,1262,0,14386.95467,0.097503819,17.90174749,22.40626198,4.504687219,0,0,0.000668362,117116.4846,0.002068691,0.000668362,1463,85, , , , ,0,1198975.758,0,0,0,0,0,4372157.025,0,0,0,0,0,2306.801121,0,0,0,0,0,3689.444037,0,0,0,0,0,0,59.10778496,28867,0
08/09/2019 17:34:42.044,48,6017.732239,109,16142,16612,5216,0.30047096,3702.503332,544871.8363,1261,0,14975.1722,0.078247518,14.53447565,17.95747828,3.423329146,0,0,0.00082065,132303.3733,0.001808281,0.00082065,1462,85, , , , ,0,1203554.26,0,0,0,0,0,4389084.985,0,0,0,0,0,2315.228907,0,0,0,0,0,3702.803803,0,0,0,0,0,0,170.9679765,28867,0
08/09/2019 17:34:52.060,48,5996.351379,109,16142,16612,5216,0.199688675,3696.33722,554622.1155,1256,0,15313.82496,0.03900216,13.22156342,16.49744431,3.276139484,0,0,0.000899864,137718.0904,0.001617227,0.000899864,1457,85, , , , ,0,1199605.952,0,0,0,0,0,4377158.684,0,0,0,0,0,2300.114004,0,0,0,0,0,3696.636753,0,0,0,0,0,0,34.14676343,28868,0
08/09/2019 17:35:02.045,48,6005.130286,109,16142,16612,5216,0.100143922,3703.822957,534827.3282,1256,0,15079.57164,0.097796561,14.14141918,17.67464441,3.677160109,0,0,0.000756359,115878.5351,0.001817863,0.000756342,1457,85, , , , ,0,1200391.545,0,0,0,0,0,4381502.686,0,0,0,0,0,2301.407473,0,0,0,0,0,3704.023245,0,0,0,0,0,0,195.6812237,28868,0
08/09/2019 17:35:12.030,48,5965.120944,162,16142,16665,5216,0.600939012,3690.666941,496761.3265,1268,6,14747.24366,0.078247415,14.20190531,17.50766304,3.305953031,0,0,0.000819436,145174.0452,0.002298005,0.000819436,1469,85, , , , ,0,1190689.841,0,0,0,0,0,4345581.794,0,0,0,0,0,2274.754473,0,0,0,0,0,3691.368037,0,0,0,0,0,0.200313004,136.6134687,28867,0.200313004
08/09/2019 17:35:22.045,48,5980.887247,162,16143,16666,5216,0.199689067,3725.099701,472493.7868,1261,0,14451.19825,0.078003366,9.691918005,12.81173715,3.120134649,0,0,0.00075013,145999.8657,0.002696276,0.00075013,1462,85, , , , ,0,1200348.954,0,0,0,0,0,4390792.161,0,0,0,0,0,2255.687701,0,0,0,0,0,3725.399235,0,0,0,0,0,0,230.5410279,28867,0
08/09/2019 17:35:32.030,48,5911.253479,163,16143,16667,5219,0.200313571,3674.952773,471173.6755,1259,0,13912.97939,0.05868585,9.565753456,11.38474538,1.819254333,0,0,0.000756927,136097.8476,0.002122732,0.000756942,1460,85, , , , ,0,1189489.628,0,0,0,0,0,4334530.076,0,0,0,0,0,2236.601177,0,0,0,0,0,3675.253243,0,0,0,0,0,0,194.1038503,28867,0
08/09/2019 17:35:42.045,48,6040.966974,162,16144,16667,5219,0.099844093,3762.724471,496450.9872,1259,0,15594.8485,0.058502734,8.385355594,10.29619063,1.911080657,0,0,0.001038869,116451.7595,0.001244688,0.001038835,1460,85, , , , ,0,1214097.875,0,0,0,0,0,4426476.216,0,0,0,0,0,2278.142659,0,0,0,0,0,3762.924159,0,0,0,0,0,0,22.7644531,28868,0
08/09/2019 17:35:52.030,48,5985.571288,177,16144,16683,5219,0.30047043,3724.130671,458157.9132,1259,0,14231.58162,0.039123174,7.942106516,9.819928735,1.877936398,0,0,0.000819061,119380.5077,0.001722734,0.00081908,1460,85, , , , ,0,1199395.329,0,0,0,0,0,4376275.399,0,0,0,0,0,2261.540773,0,0,0,0,0,3724.531299,0,0,0,0,0,0,296.5643148,28867,0
08/09/2019 17:36:02.031,48,5966.392007,171,16150,16684,5219,0,3718.058802,480157.4228,1263,0,14375.79412,0.058586714,7.206134845,8.663702582,1.445133283,0,0,0.000767307,134332.8596,0.001994762,0.000767307,1464,85, , , , ,0,1199054.616,0,0,0,0,0,4375234.619,0,0,0,0,0,2248.533181,0,0,0,0,0,3718.15879,0,0,0,0,0,0.79990508,51.09393701,28868,0.79990508
08/09/2019 17:36:12.047,48,5988.208395,177,16150,16691,5219,0,3708.383957,479180.3776,1255,0,14108.17345,0.195006343,27.86647753,32.54713297,4.680164217,0,0,0.000808656,122227.5045,0.001857009,0.000808656,1456,84, , , , ,0,1197269.263,0,0,0,0,0,4356328.953,0,0,0,0,0,2279.824438,0,0,0,0,0,3708.583644,0,0,0,0,0,3.394675961,548.8392281,28866,3.394675961
08/09/2019 17:36:22.031,48,6063.445616,171,16158,16691,5221,0.600946063,3746.197598,531404.1838,1260,0,14593.97514,0.117371105,37.30429056,41.29513648,3.990600536,0,0,0.000752583,129996.6523,0.002562768,0.000752583,1461,84, , , , ,0,1206261.404,0,0,0,0,0,4389254.255,0,0,0,0,0,2317.348176,0,0,0,0,0,3746.998859,0,0,0,0,0,3.205045668,222.2498856,28867,3.205045668
08/09/2019 17:36:32.047,48,6080.100885,174,16158,16691,5226,0.299532033,3759.825917,538360.7037,1256,0,15348.32088,0.117003582,39.91789251,45.02758241,5.1091777,0,0,0.000935179,144414.3773,0.001774059,0.000935179,1458,84, , , , ,0,1207102.509,0,0,0,0,0,4391185.526,0,0,0,0,0,2320.774188,0,0,0,0,0,3760.624669,0,0,0,0,0,1.597504174,50.52106949,28868,1.597504174
08/09/2019 17:36:42.039,48,6052.940324,175,16158,16691,5233,0.200153442,3732.261238,538749.2176,1270,0,16513.55968,0.136822962,36.31665649,43.12084451,6.72385899,0,0,0.000781004,120566.0287,0.001875815,0.000781004,1472,84, , , , ,0,1203527.952,0,0,0,0,0,4382504.429,0,0,0,0,0,2321.279547,0,0,0,0,0,3733.061852,0,0,0,0,0,0.200153442,576.2417603,28865,0.200153442
08/09/2019 17:36:52.055,48,6058.156262,173,16158,16691,5236,0.599066148,3724.494084,517632.4902,1270,0,15687.0463,0.175505945,31.20110132,38.9433446,7.741773016,0,0,0.000767333,120132.7315,0.001838728,0.000767333,1473,84, , , , ,0,1211329.223,0,0,0,0,0,4407087.026,0,0,0,0,0,2333.762023,0,0,0,0,0,3725.192995,0,0,0,0,0,0.099844358,97.14856028,28865,0.099844358
08/09/2019 17:37:02.040,48,6002.728555,173,16158,16691,5236,0,3693.809626,539274.5742,1266,0,15466.63234,0.195593475,24.99678264,31.75761146,6.74795837,0,0,0.000824815,119057.5379,0.001486802,0.000824815,1469,84, , , , ,0,1203754.223,0,0,0,0,0,4378212.513,0,0,0,0,0,2309.119218,0,0,0,0,0,3694.009913,0,0,0,0,0,0,158.828306,28865,0
08/09/2019 17:37:12.056,48,5963.126382,182,16159,16700,5238,0.099844725,3662.004995,521130.0592,1276,0,15930.92486,0.195006982,17.4141678,22.0165081,4.602176552,0.000463626,0,0.000681797,159700.4402,0.003705943,0.000651184,1475,84, , , , ,0,1193503.111,0,0,0,0,0,4335176.805,0,0,0,0,0,2301.121387,0,0,0,0,0,3662.10484,0,0,0,0,0,0.599068353,246.2170929,28862,0.599068353
08/09/2019 17:37:22.040,48,6047.468941,179,16160,16700,5238,0.500784112,3720.425327,509265.0916,1268,0,14730.46451,0.117371026,16.43187353,20.0706718,3.638485782,0,0,0.000762298,123893.1881,0.001832337,0.000762281,1467,84, , , , ,0,1212375.4,0,0,0,0,0,4405317.31,0,0,0,0,0,2327.14377,0,0,0,0,0,3721.026268,0,0,0,0,0,0,220.8457935,28863,0
08/09/2019 17:37:32.056,48,6004.225821,178,16161,16700,5238,0,3699.424224,536394.6466,1267,0,15199.66931,0.058502267,13.65047065,16.73212952,3.081106732,0,0,0.000703519,138228.9881,0.002598955,0.000703519,1466,84, , , , ,0,1204070.029,0,0,0,0,0,4377306.272,0,0,0,0,0,2304.901442,0,0,0,0,0,3699.524068,0,0,0,0,0,0,59.8066261,28863,0
08/09/2019 17:37:42.041,48,6008.915713,178,16161,16700,5238,0.100156942,3705.005585,525314.2449,1264,0,14845.86283,0.097808642,10.56336039,13.51737749,2.953827803,0,0,0.000827491,118355.0573,0.001657587,0.000827511,1463,84, , , , ,0,1204007.929,0,0,0,0,0,4384384.743,0,0,0,0,0,2304.010285,0,0,0,0,0,3705.205899,0,0,0,0,0,0,168.4639758,28864,0
08/09/2019 17:37:52.041,48,6001.899508,157,16181,16700,5238,0.499999959,3695.899697,523985.0571,1270,0,15120.49876,0.039061728,10.19524104,12.77404409,2.578107056,0,0,0.000847089,138854.3886,0.001863597,0.000847089,1470,84, , , , ,0,1201469.802,0,0,0,0,0,4373356.342,0,0,0,0,0,2306.099811,0,0,0,0,0,3696.499697,0,0,0,0,0,0,44.19999638,28865,0
08/09/2019 17:38:02.042,48,6018.946817,155,16183,16700,5238,0,3713.73528,517878.5951,1264,0,14331.10667,0.039057855,12.927985,16.24150251,3.300347245,0,0,0.000829366,112216.3578,0.001492653,0.000829366,1464,84, , , , ,0,1204331.795,0,0,0,0,0,4393203.355,0,0,0,0,0,2305.411511,0,0,0,0,0,3713.835268,0,0,0,0,0,0,195.0755891,28865,0
08/09/2019 17:38:12.058,48,5911.292465,200,16195,16758,5238,0.09984448,3652.610628,470748.7533,1274,0,14320.89352,0.078003031,10.218397,13.08512345,2.866610624,0,0,0.000749993,147175.5567,0.00232134,0.000749993,1474,84, , , , ,0,1177610.633,0,0,0,0,0,4294881.316,0,0,0,0,0,2258.681837,0,0,0,0,0,3652.810317,0,0,0,0,0,0.199688961,434.3234899,28864,0.199688961
08/09/2019 17:38:22.042,48,5983.63345,193,16202,16758,5238,0.500781133,3722.506477,437746.7104,1265,0,13503.96389,0.09780818,11.03279092,13.59603207,2.56258112,0,0,0.000679848,138661.0877,0.002451234,0.000679836,1465,84, , , , ,0,1202565.698,0,0,0,0,0,4395190.95,0,0,0,0,0,2261.327286,0,0,0,0,0,3723.508039,0,0,0,0,0,0,198.3093288,28865,0
08/09/2019 17:38:32.058,48,5909.999804,190,16202,16758,5238,0.09984457,3681.369151,458927.1803,1265,0,13708.06043,0.117004821,9.438348605,11.64223726,2.203581139,0,0,0.000797982,113231.7303,0.00151381,0.000797982,1465,84, , , , ,0,1187433.802,0,0,0,0,0,4339049.828,0,0,0,0,0,2228.630653,0,0,0,0,0,3681.069617,0,0,0,0,0,0,58.80845189,28866,0
08/09/2019 17:38:42.042,48,6013.213087,190,16202,16758,5238,0,3745.563307,479563.6091,1263,0,14519.12825,0.097808489,11.07194883,13.5957586,2.523466235,0,0,0.000817271,124867.4676,0.001637092,0.000817271,1463,84, , , , ,0,1208068.611,0,0,0,0,0,4407779.44,0,0,0,0,0,2267.64978,0,0,0,0,0,3745.663464,0,0,0,0,0,0,144.5262415,28866,0
08/09/2019 17:38:52.058,48,5957.701143,190,16202,16758,5238,0,3709.609993,479301.1006,1263,0,14671.70022,0.117003496,15.425027,18.7407258,3.31511271,0,0,0.000848094,110777.4971,0.001354865,0.00084812,1463,84, , , , ,0,1196465.541,0,0,0,0,0,4359028.073,0,0,0,0,0,2248.190994,0,0,0,0,0,3709.709837,0,0,0,0,0,0,34.84561252,28867,0
08/09/2019 17:39:02.043,48,5979.13873,190,16202,16758,5238,0.300434071,3728.286673,477793.021,1263,0,14298.15815,0.234712589,21.28060811,25.06800556,3.774960564,0,0,0.000924742,130287.4408,0.001481681,0.000924717,1463,84, , , , ,0,1200466.648,0,0,0,0,0,4377065.135,0,0,0,0,0,2251.052347,0,0,0,0,0,3728.687251,0,0,0,0,0,0,168.443369,28867,0
08/09/2019 17:39:12.059,48,6021.708146,192,16202,16760,5238,0,3752.048058,460334.432,1269,0,14252.17137,0.292511124,35.92033582,40.87380201,4.953184632,0,0,0.000711614,133372.783,0.00234466,0.000711626,1469,84, , , , ,0,1209951.08,0,0,0,0,0,4414057.145,0,0,0,0,0,2269.660088,0,0,0,0,0,3752.147902,0,0,0,0,0,0.199688553,415.951255,28865,0.199688553
08/09/2019 17:39:22.043,48,5908.849959,164,16230,16760,5238,0.10015679,3680.661861,463907.8206,1267,0,13821.33649,0.195617964,36.75652068,42.13635373,5.379480503,0,0,0.000706939,128046.8499,0.002548974,0.000706939,1467,84, , , , ,0,1186207.939,0,0,0,0,0,4323288.455,0,0,0,0,0,2228.388412,0,0,0,0,0,3680.862174,0,0,0,0,0,0,211.9317668,28865,0
08/09/2019 17:39:32.059,48,5994.74823,161,16231,16762,5238,0.299532731,3732.776892,494554.6978,1271,1,14583.84929,0.312010898,39.93739494,46.13911924,6.201216098,0,0,0.000887371,131583.5305,0.00159476,0.000887371,1472,84, , , , ,0,1203931.974,0,0,0,0,0,4387745.545,0,0,0,0,0,2261.971339,0,0,0,0,0,3733.076424,0,0,0,0,0,0,41.33551685,28866,0
08/09/2019 17:39:42.043,48,5930.376127,159,16233,16762,5238,0,3700.488199,511881.9713,1271,0,14940.97024,0.234741187,41.41225847,48.88510681,7.472594949,0,0,0.000709693,130764.5382,0.002203447,0.00070968,1472,84, , , , ,0,1191672.18,0,0,0,0,0,4345308.208,0,0,0,0,0,2229.988084,0,0,0,0,0,3700.688512,0,0,0,0,0,0,167.5620959,28866,0
08/09/2019 17:39:52.059,48,5953.91023,159,16233,16762,5238,0,3709.811653,483933.1286,1274,6,14855.22169,0.15600543,41.26343631,49.55174373,8.287788234,0,0,0.000805958,119876.9583,0.001528943,0.00080598,1475,84, , , , ,0,1194848.401,0,0,0,0,0,4358743.238,0,0,0,0,0,2244.497954,0,0,0,0,0,3711.009784,0,0,0,0,0,0,34.84563104,28867,0
08/09/2019 17:40:02.045,48,6019.251073,157,16235,16762,5238,0.300431791,3750.189901,493739.6194,1272,0,13980.99396,0.293387806,42.36530709,52.96003498,10.58154703,0,0,0.000854023,148283.5181,0.00324996,0.000854012,1475,84, , , , ,0,1209995.647,0,0,0,0,0,4409805.823,0,0,0,0,0,2268.961028,0,0,0,0,0,3749.789325,0,0,0,0,0,0,154.8225162,28868,0
08/09/2019 17:40:12.061,48,5887.531645,145,16248,16763,5238,0,3663.095647,475184.8188,1281,0,14646.69145,0.175507424,47.05528941,54.7972803,7.741794195,0,0,0.000707117,128465.5471,0.002400405,0.000707105,1483,84, , , , ,0,1184386.016,0,0,0,0,0,4320646.276,0,0,0,0,0,2224.635688,0,0,0,0,0,3663.095647,0,0,0,0,0,0.199689034,170.7341244,28866,0.199689034
08/09/2019 17:40:22.045,48,5946.512571,91,16303,16764,5238,0,3709.208828,492889.0919,1273,0,14674.68137,0.195617012,51.36915933,59.11594035,7.746453503,0,0,0.001358923,111688.5105,0.001769379,0.001358955,1475,84, , , , ,0,1194292.829,0,0,0,0,0,4360884.289,0,0,0,0,0,2237.303743,0,0,0,0,0,3709.308985,0,0,0,0,0,0,267.6191065,28866,0
08/09/2019 17:40:32.061,48,5872.331263,91,16303,16764,5238,0.399376435,3657.58924,488809.3997,1272,0,13658.37456,0.19500727,49.27821111,56.66949513,7.390756845,0,0,0.000714685,146817.1677,0.002854245,0.000714685,1474,84, , , , ,0,1180219.769,0,0,0,0,0,4309473.324,0,0,0,0,0,2214.841867,0,0,0,0,0,3658.587681,0,0,0,0,0,0,101.2419264,28866,0
08/09/2019 17:40:42.045,48,5975.071491,91,16303,16764,5238,0,3723.239647,497380.908,1272,0,14132.46581,0.254302776,50.76279565,58.70510063,7.94207963,0,0,0.000828746,112663.1044,0.001577101,0.000828746,1474,84, , , , ,0,1201430.261,0,0,0,0,0,4387450.817,0,0,0,0,0,2251.932001,0,0,0,0,0,3722.939176,0,0,0,0,0,0,189.3970563,28866,0
08/09/2019 17:40:52.061,48,5906.262317,91,16303,16765,5238,0,3677.348447,517167.2252,1270,0,14994.04858,0.117003449,48.84914892,56.63053671,7.780761774,0,0,0.000815101,119467.5469,0.001709039,0.000815121,1472,84, , , , ,0,1190043.813,0,0,0,0,0,4340594.798,0,0,0,0,0,2229.113558,0,0,0,0,0,3677.94751,0,0,0,0,0,0,62.70193112,28866,0
08/09/2019 17:41:02.046,48,5937.640102,91,16303,16766,5238,0.300432111,3698.719865,528551.6153,1270,1,15239.11841,0.234711156,51.49953915,59.62968123,8.117094384,0,0,0.000774657,139977.3293,0.002172161,0.000774657,1472,84, , , , ,0,1194807.791,0,0,0,0,0,4366151.331,0,0,0,0,0,2239.120525,0,0,0,0,0,3699.020297,0,0,0,0,0,0,165.5380933,28868,0
08/09/2019 17:41:12.062,48,5874.856437,91,16303,16766,5238,0.299533809,3649.220393,496519.7221,1273,0,15054.76892,0.27301076,42.78460751,52.57421756,9.789368422,0,0,0.000870612,120286.3876,0.001651555,0.00087059,1475,84, , , , ,0,1184155.593,0,0,0,0,0,4326176.486,0,0,0,0,0,2225.5362,0,0,0,0,0,3649.220393,0,0,0,0,0,0.199689206,130.496896,28868,0.199689206
08/09/2019 17:41:22.046,48,5994.554414,82,16312,16766,5238,0,3726.915797,499714.8977,1271,0,15355.1615,0.234740369,43.4660921,52.89543268,9.428737642,0,0,0.000690481,135071.5772,0.00262792,0.000690481,1473,84, , , , ,0,1209082.455,0,0,0,0,0,4412536.698,0,0,0,0,0,2267.738773,0,0,0,0,0,3727.015953,0,0,0,0,0,0,185.289141,28869,0
08/09/2019 17:41:32.062,48,5952.017572,82,16312,16766,5238,0.299532866,3696.634938,488233.379,1271,0,14952.98018,0.273009462,38.78691492,48.45962027,9.672352902,0,3,0.000792124,120286.0088,0.001660849,0.000792124,1473,84, , , , ,0,1200800.799,0,0,0,0,0,4378799.673,0,0,0,0,0,2255.382633,0,0,0,0,0,3696.934471,0,0,0,0,0,0,17.77228336,28869,0
08/09/2019 17:41:42.047,48,5921.277903,82,16312,16766,5238,0,3678.363536,513824.0982,1271,0,15165.76286,0.234740945,38.10628002,47.94619476,9.839558182,0,0,0.000837337,138867.1875,0.001761156,0.000837337,1473,84, , , , ,0,1193124.978,0,0,0,0,0,4358288.694,0,0,0,0,0,2243.114681,0,0,0,0,0,3678.56385,0,0,0,0,0,0,173.0711809,28870,0
08/09/2019 17:41:52.062,48,5950.203827,82,16312,16766,5238,0,3698.122318,504109.3157,1271,0,15058.67341,0.214507671,38.02631616,46.97766625,8.950809936,0,0,0.000764707,127902.5742,0.001985137,0.000764723,1473,84, , , , ,0,1197644.286,0,0,0,0,0,4380106.435,0,0,0,0,0,2252.281197,0,0,0,0,0,3698.322006,0,0,0,0,0,0,132.4930024,28870,0
08/09/2019 17:42:02.048,48,5976.593436,82,16312,16766,5238,0,3716.043107,530651.3963,1266,0,15542.9484,0.234711358,36.1455491,43.7866293,7.784592866,0,0,0.000978213,110699.9698,0.001175515,0.000978179,1468,84, , , , ,0,1202203.787,0,0,0,0,0,4402727.755,0,0,0,0,0,2260.550329,0,0,0,0,0,3716.043107,0,0,0,0,0,0,146.8110921,28870,0
08/09/2019 17:42:12.032,48,5927.32112,169,16312,16854,5238,1.502362568,3665.364037,488442.7097,1278,0,15176.96682,0.078247252,26.85836898,31.9835765,5.125195503,0,0,0.000743473,154252.1721,0.002755155,0.000743461,1481,84, , , , ,0,1185886.788,0,0,0,0,0,4331504.488,0,0,0,0,0,2262.157398,0,0,0,0,0,3666.966557,0,0,0,0,0,0.200315009,363.1711115,28865,0.200315009
08/09/2019 17:42:22.048,48,6015.40418,157,16324,16854,5238,0,3702.017597,542177.4406,1271,0,15721.24405,0.097503076,24.86334832,29.81710585,4.953168451,0,0,0.000785161,123455.168,0.002743797,0.000785184,1474,84, , , , ,0,1204682.135,0,0,0,0,0,4390656.271,0,0,0,0,0,2313.386583,0,0,0,0,0,3702.017597,0,0,0,0,0,0,203.7817012,28866,0
08/09/2019 17:42:32.032,48,5988.174136,157,16325,16854,5239,0.10015679,3686.270641,569178.2152,1271,0,15418.3365,0.176056417,18.32935078,23.67008833,5.340354958,0,0,0.004516785,198249.5481,0.07328616,0.004516785,1474,84, , , , ,0,1198745.266,0,0,0,0,0,4367495.258,0,0,0,0,0,2302.103809,0,0,0,0,0,3686.571111,0,0,0,0,0,0.200313579,196.3073076,28867,0.200313579
08/09/2019 17:42:42.048,48,6008.818651,157,16325,16854,5239,0.399376468,3696.928121,559985.9144,1270,0,15669.9351,0.097503137,17.31660138,22.5043082,5.187180642,0,0,0.000685725,142676.4445,0.002738577,0.000685715,1473,84, , , , ,0,1201870.963,0,0,0,0,0,4380371.686,0,0,0,0,0,2312.090218,0,0,0,0,0,3697.926562,0,0,0,0,0,0,42.63343797,28867,0
08/09/2019 17:42:52.032,48,6032.732275,157,16325,16854,5239,0,3709.399707,561564.6155,1269,0,15033.20466,0.156493919,17.27301659,21.40092956,4.127527371,0,0,0.00080015,124713.3914,0.001602788,0.00080015,1472,84, , , , ,0,1204133.482,0,0,0,0,0,4388239.684,0,0,0,0,0,2323.332568,0,0,0,0,0,3708.999081,0,0,0,0,0,0,162.1535297,28867,0
08/09/2019 17:43:02.034,48,5815.199229,157,16325,16854,5239,0,3578.268794,540453.6717,1268,0,14652.03433,0.175758747,16.81427714,20.77174909,3.944812547,0,0,0.000790486,119076.8504,0.00165981,0.000790486,1471,84, , , , ,0,1159621.158,0,0,0,0,0,4227931.506,0,0,0,0,0,2237.030423,0,0,0,0,0,3578.368782,0,0,0,0,0,0,31.79616835,28868,0
08/09/2019 17:43:12.049,48,295.8398973,157,16325,16855,5239,0.299534152,184.4131928,36473.77444,1269,0,1492.578679,0,0.682523585,0.897612257,0.214507583,0,0,0.000575295,50762.65178,0.001838037,0.000575282,1472,84, , , , ,0,56977.6859,0,0,0,0,0,210161.8474,0,0,0,0,0,111.5265492,0,0,0,0,0,184.8125717,0,0,0,0,0,0.199689435,197.1933166,28867,0.199689435
08/09/2019 17:43:22.034,48,1.602504032,155,16327,16855,5239,0,0.901408518,1929.915636,1256,0,667.1424596,0,0,0.001076671,0,0,0,0.00049194,10922.66748,0.000492705,0.00049194,1471,84, , , , ,0,37.85915774,0,0,0,0,0,84.43193116,0,0,0,0,0,0.701095514,0,0,0,0,0,0.901408518,0,0,0,0,0,0,132.3067391,28867,0
08/09/2019 17:43:32.050,48,4.393153007,154,16327,16855,5240,0.399377546,2.096732117,1351.393772,1252,0,668.9573897,0,0,0.000985451,0,0,0,0.000510408,16460.74494,0.001172167,0.000510443,1470,84, , , , ,0,187.1083803,0,0,0,0,0,263.0899585,0,0,0,0,0,2.396265277,0,0,0,0,0,2.59595405,0,0,0,0,0,0,8.686461628,28867,0
08/09/2019 17:43:42.034,48,5.70893162,153,16328,16855,5242,0.701096866,2.804387463,2119.015198,1251,0,693.4849568,0,0,0.020432748,0.019561394,0,4,0.000475351,2871.692762,0.000190406,0.000475248,1469,84, , , , ,0,284.9457975,0,0,0,0,0,400.0258402,0,0,0,0,0,3.205014243,0,0,0,0,0,3.805954413,0,0,0,0,0,0,126.0972791,28867,0
08/09/2019 17:43:52.050,48,1.198128914,153,16328,16855,5242,0,0.599064457,1323.233542,1251,0,637.2048943,0,0,0.001038367,0,0,0,0.000487873,7105.703214,0.000681957,0.000487873,1469,84, , , , ,0,32.34948069,0,0,0,0,0,62.901768,0,0,0,0,0,0.599064457,0,0,0,0,0,0.599064457,0,0,0,0,0,0,13.47895029,28867,0
